stream_address_hex,stream_address_dec,chip,chip_offset_hex,frames,duration_seconds,header_hex,source_reachable,source_commands,triple_sound_indices
0x0196BE,104126,wwf.2,0x196BE,220,1.689600,94941414145454545450505050FFFFFF,True,160 164,04E 04F
0x01B552,111954,wwf.2,0x1B552,60,0.460800,8C0C0808080808080808084848FFFFFF,True,1492,09B
0x01CB32,117554,wwf.2,0x1CB32,72,0.552960,8C0C0808080808080808084848FFFFFF,True,228,01D
0x01E55C,124252,wwf.2,0x1E55C,3925,30.144000,92920E0E0E0E0E4E4E4E4E4E4EFFFFFF,False,,
0x061D98,400792,wwf.2,0x61D98,140,1.075200,92920E0E0E0E0E4E4E4E4E4E4EFFFFFF,False,,
0x064846,411718,wwf.2,0x64846,138,1.059840,9494145454545450505050FFFFFFFFFF,True,368,0AD
0x065664,415332,wwf.2,0x65664,158,1.213440,8C8C0C0C0C0C0C484848484848FFFFFF,True,1452,03F
0x067C44,425028,wwf.2,0x67C44,49,0.376320,9494145454545450505050FFFFFFFFFF,True,380,0BE
0x0683B6,426934,wwf.2,0x683B6,57,0.437760,8C0C0C0C0C0C0C0C0C0C0C48484848FF,True,464,098
0x0696D8,431832,wwf.2,0x696D8,340,2.611200,909010101050504C4C4C4C4C4CFFFFFF,True,1184,0CF
0x06E682,452226,wwf.2,0x6E682,745,5.721600,8E8E0A0A0A0A0A0A0A4A4A4A4A4A4AFF,False,,
0x07C3B6,508854,wwf.2,0x7C3B6,145,1.113600,8E8E0A0A0A0A0A0A0A4A4A4A4A4A4AFF,False,,
0x07E474,517236,wwf.2,0x7E474,2311,17.748480,92920E0E0E0E0E4E4E4E4E4E4EFFFFFF,False,,
0x0A2FCA,667594,wwf.2,0xA2FCA,456,3.502080,92920E0E0E0E0E4E4E4E4E4E4EFFFFFF,False,,
0x0A9E7A,695930,wwf.2,0xA9E7A,279,2.142720,909010101050504C4C4C4C4C4CFFFFFF,True,11,
0x0ADC9E,711838,wwf.2,0xADC9E,72,0.552960,909010101050504C4C4C4C4C4CFFFFFF,True,11,
0x0AEDCE,716238,wwf.2,0xAEDCE,105,0.806400,909010101050504C4C4C4C4C4CFFFFFF,True,11,
0x0B071C,722716,wwf.2,0xB071C,94,0.721920,9494145454545450505050FFFFFFFFFF,True,360,0AA
0x0B1246,725574,wwf.2,0xB1246,14,0.107520,941410101050505050FFFFFFFFFFFFFF,True,1616,039 294
0x0B1566,726374,wwf.2,0xB1566,386,2.964480,941410101050505050FFFFFFFFFFFFFF,True,1620,295
0x0B47D4,739284,wwf.2,0xB47D4,86,0.660480,941410101050505050FFFFFFFFFFFFFF,True,1624,296
0x0B5594,742804,wwf.2,0xB5594,30,0.230400,941410101050505050FFFFFFFFFFFFFF,True,1628,297
0x0B5C06,744454,wwf.2,0xB5C06,252,1.935360,941410101050505050FFFFFFFFFFFFFF,True,1632,298
0x0B8D7C,757116,wwf.2,0xB8D7C,56,0.430080,941410101050505050FFFFFFFFFFFFFF,True,1632,298
0x0B98B4,759988,wwf.2,0xB98B4,35,0.268800,941410101050505050FFFFFFFFFFFFFF,True,1636,299
0x0B9DB2,761266,wwf.2,0xB9DB2,15,0.115200,941410101050505050FFFFFFFFFFFFFF,True,1612,293
0x0B9FEA,761834,wwf.2,0xB9FEA,504,3.870720,941410101050505050FFFFFFFFFFFFFF,True,1604,291
0x0BED94,781716,wwf.2,0xBED94,167,1.282560,941410101050505050FFFFFFFFFFFFFF,True,1600,290
0x0C0926,788774,wwf.2,0xC0926,136,1.044480,941410101050505050FFFFFFFFFFFFFF,True,1608,292
0x0C21CE,795086,wwf.2,0xC21CE,120,0.921600,8C0C0808080808080808084848FFFFFF,True,236,01F 033
0x0C4076,802934,wwf.2,0xC4076,224,1.720320,90900C0C0C0C0C0C0C4C4CFFFFFFFFFF,False,,
0x0C7F90,819088,wwf.2,0xC7F90,307,2.357760,90900C0C0C0C0C0C0C4C4CFFFFFFFFFF,False,,
0x0CD57C,841084,wwf.2,0xCD57C,224,1.720320,90900C0C0C0C0C0C0C4C4CFFFFFFFFFF,False,,
0x0D13A8,857000,wwf.2,0xD13A8,505,3.878400,8A8A0A0A0A0606060606060606060606,True,232,01E 0A8
0x0DF734,915252,wwf.2,0xDF734,480,3.686400,92920E0E0E0E0E4E4E4E4E4E4EFFFFFF,False,,
0x0E7D2C,949548,wwf.2,0xE7D2C,240,1.843200,92920E0E0E0E0E4E4E4E4E4E4EFFFFFF,False,,
0x0EBCC6,965830,wwf.2,0xEBCC6,120,0.921600,92920E0E0E0E0E4E4E4E4E4E4EFFFFFF,False,,
0x0EDD6A,974186,wwf.2,0xEDD6A,120,0.921600,92920E0E0E0E0E4E4E4E4E4E4EFFFFFF,False,,
0x0EFE68,982632,wwf.2,0xEFE68,120,0.921600,92920E0E0E0E0E4E4E4E4E4E4EFFFFFF,False,,
0x0F2062,991330,wwf.2,0xF2062,167,1.282560,92920E0E0E0E0E4E4E4E4E4E4EFFFFFF,False,,
0x0F4D0A,1002762,wwf.2,0xF4D0A,53,0.407040,909010101050504C4C4C4C4C4CFFFFFF,True,1188,0D0
0x0F5B6C,1006444,wwf.2,0xF5B6C,146,1.121280,8C0C0808080808080808084848FFFFFF,True,1192,0D1
0x10000E,1048590,wwf.3,0x0000E,214,1.643520,9494145454545450505050FFFFFFFFFF,True,324,0CD
0x101B88,1055624,wwf.3,0x01B88,158,1.213440,98981858585454FFFFFFFFFFFFFFFFFF,True,1196,082
0x102A0A,1059338,wwf.3,0x02A0A,86,0.660480,98981858585454FFFFFFFFFFFFFFFFFF,True,932,06E
0x10315A,1061210,wwf.3,0x0315A,558,4.285440,94941414145050505050505050FFFFFF,True,1268,0A3
0x1095C0,1086912,wwf.3,0x095C0,105,0.806400,98981858585454FFFFFFFFFFFFFFFFFF,True,4876,249
0x109F44,1089348,wwf.3,0x09F44,152,1.167360,98981858585454FFFFFFFFFFFFFFFFFF,True,4864,246
0x10AE1E,1093150,wwf.3,0x0AE1E,166,1.274880,98981858585454FFFFFFFFFFFFFFFFFF,True,4984,264
0x10BE4C,1097292,wwf.3,0x0BE4C,132,1.013760,98981858585454FFFFFFFFFFFFFFFFFF,True,4992,266
0x10CC4A,1100874,wwf.3,0x0CC4A,70,0.537600,98981858585454FFFFFFFFFFFFFFFFFF,True,4888,24C
0x10D3FC,1102844,wwf.3,0x0D3FC,72,0.552960,98981858585454FFFFFFFFFFFFFFFFFF,True,4952,25C
0x10DB54,1104724,wwf.3,0x0DB54,69,0.529920,98981858585454FFFFFFFFFFFFFFFFFF,True,4912,252
0x10E280,1106560,wwf.3,0x0E280,79,0.606720,98981858585454FFFFFFFFFFFFFFFFFF,True,4928,256
0x10EA68,1108584,wwf.3,0x0EA68,102,0.783360,98981858585454FFFFFFFFFFFFFFFFFF,True,4896,24E
0x10F558,1111384,wwf.3,0x0F558,100,0.768000,98981858585454FFFFFFFFFFFFFFFFFF,True,4824 4948,23C 25B
0x10FEC0,1113792,wwf.3,0x0FEC0,108,0.829440,98981858585454FFFFFFFFFFFFFFFFFF,True,4964,25F
0x110A82,1116802,wwf.3,0x10A82,778,5.975040,969616565652525252FFFFFFFFFFFFFF,False,,
0x11778C,1144716,wwf.3,0x1778C,140,1.075200,969616565652525252FFFFFFFFFFFFFF,False,,
0x118B68,1149800,wwf.3,0x18B68,110,0.844800,9494145454545450505050FFFFFFFFFF,True,344,0B4
0x119AB6,1153718,wwf.3,0x19AB6,509,3.909120,9A9A1A5A5A5656FFFFFFFFFFFFFFFFFF,False,,
0x11CE86,1166982,wwf.3,0x1CE86,125,0.960000,909010101050504C4C4C4C4C4CFFFFFF,True,1512,049
0x11EAEE,1174254,wwf.3,0x1EAEE,654,5.022720,9A9A1A5A5A5656FFFFFFFFFFFFFFFFFF,False,,
0x122DFC,1191420,wwf.3,0x22DFC,115,0.883200,96961656565252FFFFFFFFFFFFFFFFFF,True,1081 1084 1087,092 093 094
0x123AAA,1194666,wwf.3,0x23AAA,189,1.451520,909010101010104C4C4C4CFFFFFFFFFF,True,1444,045
0x125F64,1204068,wwf.3,0x25F64,94,0.721920,96961656565252FFFFFFFFFFFFFFFFFF,True,1124 1128,073 074
0x12695C,1206620,wwf.3,0x2695C,159,1.221120,98981858585454FFFFFFFFFFFFFFFFFF,True,4672 4676,229 22A
0x1279B2,1210802,wwf.3,0x279B2,334,2.565120,96961656565252FFFFFFFFFFFFFFFFFF,True,544 548,055 056
0x129766,1218406,wwf.3,0x29766,175,1.344000,98981858585454FFFFFFFFFFFFFFFFFF,True,4648,223
0x12A9B0,1223088,wwf.3,0x2A9B0,129,0.990720,98981858585454FFFFFFFFFFFFFFFFFF,True,4692,22E
0x12B744,1226564,wwf.3,0x2B744,138,1.059840,98981858585454FFFFFFFFFFFFFFFFFF,True,4696,22F
0x12C53A,1230138,wwf.3,0x2C53A,245,1.881600,98981858585454FFFFFFFFFFFFFFFFFF,True,4564,20E
0x12DF3A,1236794,wwf.3,0x2DF3A,107,0.821760,98981858585454FFFFFFFFFFFFFFFFFF,True,4556,20C
0x12EAAC,1239724,wwf.3,0x2EAAC,168,1.290240,98981858585454FFFFFFFFFFFFFFFFFF,True,4568,20F
0x12FBA8,1244072,wwf.3,0x2FBA8,94,0.721920,98981858585454FFFFFFFFFFFFFFFFFF,True,4636 4640,220 221
0x13050C,1246476,wwf.3,0x3050C,156,1.198080,98981858585454FFFFFFFFFFFFFFFFFF,True,4576,211
0x1314DE,1250526,wwf.3,0x314DE,296,2.273280,96961656565252FFFFFFFFFFFFFFFFFF,False,,
0x132C88,1256584,wwf.3,0x32C88,117,0.898560,98981858585454FFFFFFFFFFFFFFFFFF,True,4548 4552,20A 20B
0x13390E,1259790,wwf.3,0x3390E,85,0.652800,98981858585454FFFFFFFFFFFFFFFFFF,True,4708,232
0x1340E0,1261792,wwf.3,0x340E0,117,0.898560,98981858585454FFFFFFFFFFFFFFFFFF,True,4612,21A
0x134B6C,1264492,wwf.3,0x34B6C,125,0.960000,96961656565252FFFFFFFFFFFFFFFFFF,True,524,050
0x13577E,1267582,wwf.3,0x3577E,63,0.483840,98981858585454FFFFFFFFFFFFFFFFFF,True,5008,269
0x135E5E,1269342,wwf.3,0x35E5E,77,0.591360,98981858585454FFFFFFFFFFFFFFFFFF,True,5064,277
0x13659C,1271196,wwf.3,0x3659C,109,0.837120,98981858585454FFFFFFFFFFFFFFFFFF,True,5024,26D
0x13700A,1273866,wwf.3,0x3700A,104,0.798720,98981858585454FFFFFFFFFFFFFFFFFF,True,5040,271
0x137B94,1276820,wwf.3,0x37B94,66,0.506880,98981858585454FFFFFFFFFFFFFFFFFF,True,5104,281
0x1382A4,1278628,wwf.3,0x382A4,151,1.159680,98981858585454FFFFFFFFFFFFFFFFFF,True,5092,27E
0x139040,1282112,wwf.3,0x39040,90,0.691200,98981858585454FFFFFFFFFFFFFFFFFF,True,5104,281
0x139830,1284144,wwf.3,0x39830,284,2.181120,98981858585454FFFFFFFFFFFFFFFFFF,True,5100,280
0x13B158,1290584,wwf.3,0x3B158,106,0.814080,98981858585454FFFFFFFFFFFFFFFFFF,True,5032,26F
0x13BCC4,1293508,wwf.3,0x3BCC4,202,1.551360,94941414145454545450505050FFFFFF,True,1244 1256,09D 0A0
0x13D1F2,1298930,wwf.3,0x3D1F2,206,1.582080,94941414145454545450505050FFFFFF,True,1252,09F
0x13EC60,1305696,wwf.3,0x3EC60,176,1.351680,909010101050504C4C4C4C4C4CFFFFFF,True,1516,0C4
0x1413F8,1315832,wwf.3,0x413F8,129,0.990720,9A9A1A16165656FFFFFFFFFFFFFFFFFF,True,584,287
0x142084,1319044,wwf.3,0x42084,432,3.317760,92920E0E0E0E0E0E0E4E4E4E4EFFFFFF,False,,
0x14935C,1348444,wwf.3,0x4935C,599,4.600320,92920E0E0E0E0E0E0E4E4E4E4EFFFFFF,False,,
0x153BEE,1391598,wwf.3,0x53BEE,1735,13.324800,92920E0E0E0E0E0E0E4E4E4E4EFFFFFF,False,,
0x171F1C,1515292,wwf.3,0x71F1C,217,1.666560,92920E0E0E0E0E0E0E4E4E4E4EFFFFFF,False,,
0x175A24,1530404,wwf.3,0x75A24,137,1.052160,92920E0E0E0E0E0E0E4E4E4E4EFFFFFF,False,,
0x178056,1540182,wwf.3,0x78056,217,1.666560,92920E0E0E0E0E0E0E4E4E4E4EFFFFFF,False,,
0x17BEEE,1556206,wwf.3,0x7BEEE,55,0.422400,92920E0E0E0E0E0E0E4E4E4E4EFFFFFF,False,,
0x17D066,1560678,wwf.3,0x7D066,135,1.036800,92920E0E0E0E0E0E0E4E4E4E4EFFFFFF,True,248,022 0CC
0x17F4C4,1569988,wwf.3,0x7F4C4,310,2.380800,98981858585454FFFFFFFFFFFFFFFFFF,True,2564,1FC
0x18101A,1576986,wwf.3,0x8101A,56,0.430080,9494145454545450505050FFFFFFFFFF,True,220,01B 034
0x1818EC,1579244,wwf.3,0x818EC,456,3.502080,98981858585454FFFFFFFFFFFFFFFFFF,True,2576,1FE
0x184336,1590070,wwf.3,0x84336,272,2.088960,98981814145454FFFFFFFFFFFFFFFFFF,True,6144,1F9
0x18642E,1598510,wwf.3,0x8642E,90,0.691200,98981814145454FFFFFFFFFFFFFFFFFF,True,6156,1DC
0x186D6C,1600876,wwf.3,0x86D6C,139,1.067520,98981814145454FFFFFFFFFFFFFFFFFF,True,6168,1DD
0x187D7E,1604990,wwf.3,0x87D7E,143,1.098240,98981814145454FFFFFFFFFFFFFFFFFF,True,6176,1DF
0x188E40,1609280,wwf.3,0x88E40,115,0.883200,98981814145454FFFFFFFFFFFFFFFFFF,True,6192,1E1
0x189B16,1612566,wwf.3,0x89B16,130,0.998400,98981814145454FFFFFFFFFFFFFFFFFF,True,6196,1E2
0x18AB44,1616708,wwf.3,0x8AB44,124,0.952320,98981814145454FFFFFFFFFFFFFFFFFF,True,6224,2BA
0x18B98C,1620364,wwf.3,0x8B98C,103,0.791040,98981814145454FFFFFFFFFFFFFFFFFF,True,6276,2C7
0x18C3B8,1622968,wwf.3,0x8C3B8,108,0.829440,98981814145454FFFFFFFFFFFFFFFFFF,True,6280,2C8
0x18CFFE,1626110,wwf.3,0x8CFFE,125,0.960000,98981814145454FFFFFFFFFFFFFFFFFF,True,6292,2CB
0x18DD3E,1629502,wwf.3,0x8DD3E,102,0.783360,98981814145454FFFFFFFFFFFFFFFFFF,False,,
0x18E8DA,1632474,wwf.3,0x8E8DA,108,0.829440,98981814145454FFFFFFFFFFFFFFFFFF,True,6324,2D3
0x18F4A8,1635496,wwf.3,0x8F4A8,101,0.775680,98981814145454FFFFFFFFFFFFFFFFFF,True,6328,2D4
0x1900AC,1638572,wwf.3,0x900AC,333,2.557440,98981814145454FFFFFFFFFFFFFFFFFF,True,6348 6352,2D9 2DA
0x19280A,1648650,wwf.3,0x9280A,157,1.205760,98981814145454FFFFFFFFFFFFFFFFFF,True,6352,2DA
0x193BA4,1653668,wwf.3,0x93BA4,165,1.267200,98981814145454FFFFFFFFFFFFFFFFFF,True,6360,2DC
0x194F56,1658710,wwf.3,0x94F56,111,0.852480,98981814145454FFFFFFFFFFFFFFFFFF,True,6368,1D2
0x195ACA,1661642,wwf.3,0x95ACA,126,0.967680,98981814145454FFFFFFFFFFFFFFFFFF,True,6380,1D9
0x19696E,1665390,wwf.3,0x9696E,140,1.075200,98981814145454FFFFFFFFFFFFFFFFFF,True,6396,1E9
0x19772C,1668908,wwf.3,0x9772C,91,0.698880,98981814145454FFFFFFFFFFFFFFFFFF,True,6404,1EB
0x1980B6,1671350,wwf.3,0x980B6,157,1.205760,98981814145454FFFFFFFFFFFFFFFFFF,True,6408,1EC
0x1991C0,1675712,wwf.3,0x991C0,154,1.182720,98981814145454FFFFFFFFFFFFFFFFFF,True,6424,2E1
0x19A284,1680004,wwf.3,0x9A284,213,1.635840,98981814145454FFFFFFFFFFFFFFFFFF,True,6428,2E2
0x19BB4C,1686348,wwf.3,0x9BB4C,137,1.052160,98981814145454FFFFFFFFFFFFFFFFFF,True,6436,1D6
0x19CA00,1690112,wwf.3,0x9CA00,121,0.929280,98981814145454FFFFFFFFFFFFFFFFFF,True,6440,2E4
0x19D8BA,1693882,wwf.3,0x9D8BA,121,0.929280,98981814145454FFFFFFFFFFFFFFFFFF,True,6448,1D5
0x19E634,1697332,wwf.3,0x9E634,127,0.975360,98981814145454FFFFFFFFFFFFFFFFFF,True,6452,2E5
0x19F2CC,1700556,wwf.3,0x9F2CC,134,1.029120,98981814145454FFFFFFFFFFFFFFFFFF,True,6464,1D3
0x1A0074,1704052,wwf.3,0xA0074,147,1.128960,98981814145454FFFFFFFFFFFFFFFFFF,True,6468,1D4
0x1A11BE,1708478,wwf.3,0xA11BE,113,0.867840,98981814145454FFFFFFFFFFFFFFFFFF,True,6472,2E8
0x1A1D5E,1711454,wwf.3,0xA1D5E,124,0.952320,98981814145454FFFFFFFFFFFFFFFFFF,True,6488,2E9
0x1A2A62,1714786,wwf.3,0xA2A62,250,1.920000,98981814145454FFFFFFFFFFFFFFFFFF,True,6492,2EA
0x1A4956,1722710,wwf.3,0xA4956,126,0.967680,98981814145454FFFFFFFFFFFFFFFFFF,True,6504,1E8
0x1A557C,1725820,wwf.3,0xA557C,175,1.344000,98981814145454FFFFFFFFFFFFFFFFFF,True,6512,2EC
0x1A65E8,1730024,wwf.3,0xA65E8,129,0.990720,98981814145454FFFFFFFFFFFFFFFFFF,True,6552,2F4
0x1A748A,1733770,wwf.3,0xA748A,178,1.367040,98981814145454FFFFFFFFFFFFFFFFFF,True,6564,1F0
0x1A8920,1739040,wwf.3,0xA8920,115,0.883200,98981814145454FFFFFFFFFFFFFFFFFF,True,6588,1F3
0x1A954A,1742154,wwf.3,0xA954A,231,1.774080,98981814145454FFFFFFFFFFFFFFFFFF,True,6592,2F8
0x1AAEA2,1748642,wwf.3,0xAAEA2,158,1.213440,98981814145454FFFFFFFFFFFFFFFFFF,False,,
0x1ABB00,1751808,wwf.3,0xABB00,159,1.221120,98981814145454FFFFFFFFFFFFFFFFFF,True,6608,2F9
0x1ACA8E,1755790,wwf.3,0xACA8E,94,0.721920,98981814145454FFFFFFFFFFFFFFFFFF,True,6612,2FA
0x1AD418,1758232,wwf.3,0xAD418,284,2.181120,98981814145454FFFFFFFFFFFFFFFFFF,True,6628,2FE
0x1AF18A,1765770,wwf.3,0xAF18A,378,2.903040,98981814145454FFFFFFFFFFFFFFFFFF,True,6636,300
0x1B1D3C,1776956,wwf.3,0xB1D3C,207,1.589760,98981814145454FFFFFFFFFFFFFFFFFF,True,6640,301
0x1B31F8,1782264,wwf.3,0xB31F8,46,0.353280,949414141410105050FFFFFFFFFFFFFF,False,,
0x1B3A1E,1784350,wwf.3,0xB3A1E,70,0.537600,949414141410105050FFFFFFFFFFFFFF,False,,
0x1B476E,1787758,wwf.3,0xB476E,100,0.768000,96961656565252FFFFFFFFFFFFFFFFFF,True,252 256 276,023 024 029
0x1B5118,1790232,wwf.3,0xB5118,810,6.220800,9A9A1A5A5A5656FFFFFFFFFFFFFFFFFF,False,,
0x1BA7CC,1812428,wwf.3,0xBA7CC,213,1.635840,9494145454545450505050FFFFFFFFFF,True,328,0B1
0x1BBBB0,1817520,wwf.3,0xBBBB0,76,0.583680,96961656565252FFFFFFFFFFFFFFFFFF,False,,
0x1BC250,1819216,wwf.3,0xBC250,224,1.720320,96961656565252FFFFFFFFFFFFFFFFFF,True,768,05A
0x1BD250,1823312,wwf.3,0xBD250,95,0.729600,98981858585454FFFFFFFFFFFFFFFFFF,True,644,061
0x1BDADC,1825500,wwf.3,0xBDADC,315,2.419200,98981858585454FFFFFFFFFFFFFFFFFF,True,648,062
0x1BF2F4,1831668,wwf.3,0xBF2F4,120,0.921600,92920E0E0E0E0E4E4E4E4E4E4EFFFFFF,False,,
0x1C0BA8,1837992,wwf.3,0xC0BA8,120,0.921600,92920E0E0E0E0E4E4E4E4E4E4EFFFFFF,False,,
0x1C278E,1845134,wwf.3,0xC278E,480,3.686400,92920E0E0E0E0E4E4E4E4E4E4EFFFFFF,False,,
0x1C9B24,1874724,wwf.3,0xC9B24,337,2.588160,949414141454545050FFFFFFFFFFFFFF,True,1180,0CE
0x1CCBE8,1887208,wwf.3,0xCCBE8,146,1.121280,909010101050504C4C4C4C4C4CFFFFFF,True,1208,0D2
0x1CE6CE,1894094,wwf.3,0xCE6CE,172,1.320960,909010101050504C4C4C4C4C4CFFFFFF,True,260,025 037
0x1D051C,1901852,wwf.3,0xD051C,73,0.560640,98981858585454FFFFFFFFFFFFFFFFFF,True,3580,159
0x1D0BDE,1903582,wwf.3,0xD0BDE,204,1.566720,98981858585454FFFFFFFFFFFFFFFFFF,True,3136,0F0
0x1D1FE6,1908710,wwf.3,0xD1FE6,294,2.257920,98981858585454FFFFFFFFFFFFFFFFFF,True,3916,1AA
0x1D3B38,1915704,wwf.3,0xD3B38,132,1.013760,98981858585454FFFFFFFFFFFFFFFFFF,True,3252 3280,10D 16A
0x1D47B6,1918902,wwf.3,0xD47B6,115,0.883200,98981858585454FFFFFFFFFFFFFFFFFF,True,3248 3284,10C 16B
0x1D527E,1921662,wwf.3,0xD527E,152,1.167360,98981858585454FFFFFFFFFFFFFFFFFF,True,3884,1A2
0x1D60E8,1925352,wwf.3,0xD60E8,303,2.327040,98981858585454FFFFFFFFFFFFFFFFFF,True,4000,192
0x1D7BFE,1932286,wwf.3,0xD7BFE,321,2.465280,98981858585454FFFFFFFFFFFFFFFFFF,True,3360,129
0x1D98EC,1939692,wwf.3,0xD98EC,102,0.783360,98981858585454FFFFFFFFFFFFFFFFFF,True,3932,1AE
0x1DA22C,1942060,wwf.3,0xDA22C,593,4.554240,98981858585454FFFFFFFFFFFFFFFFFF,True,3072,0E0
0x1DD446,1954886,wwf.3,0xDD446,323,2.480640,98981858585454FFFFFFFFFFFFFFFFFF,True,3980,1BA
0x1DF240,1962560,wwf.3,0xDF240,131,1.006080,98981858585454FFFFFFFFFFFFFFFFFF,True,3364,14F
0x1DFDDC,1965532,wwf.3,0xDFDDC,294,2.257920,98981858585454FFFFFFFFFFFFFFFFFF,True,3312,157
0x1E180E,1972238,wwf.3,0xE180E,219,1.681920,98981858585454FFFFFFFFFFFFFFFFFF,True,3540,154
0x1E2BF4,1977332,wwf.3,0xE2BF4,122,0.936960,98981858585454FFFFFFFFFFFFFFFFFF,True,3328,13E
0x1E3678,1980024,wwf.3,0xE3678,225,1.728000,98981858585454FFFFFFFFFFFFFFFFFF,True,3624,164
0x1E4A6A,1985130,wwf.3,0xE4A6A,113,0.867840,98981858585454FFFFFFFFFFFFFFFFFF,True,3420 3452,113 11B
0x1E5478,1987704,wwf.3,0xE5478,180,1.382400,98981858585454FFFFFFFFFFFFFFFFFF,True,3424 3456 3488 3652,114 11C 124 12E
0x1E64C0,1991872,wwf.3,0xE64C0,153,1.175040,98981858585454FFFFFFFFFFFFFFFFFF,True,3440 3472,118 120
0x1E7376,1995638,wwf.3,0xE7376,249,1.912320,98981858585454FFFFFFFFFFFFFFFFFF,True,3124,0ED
0x1E894A,2001226,wwf.3,0xE894A,217,1.666560,98981858585454FFFFFFFFFFFFFFFFFF,True,3612,161
0x1E9C86,2006150,wwf.3,0xE9C86,229,1.758720,98981858585454FFFFFFFFFFFFFFFFFF,True,3320,149
0x1EB110,2011408,wwf.3,0xEB110,255,1.958400,98981858585454FFFFFFFFFFFFFFFFFF,True,3392 3396,145 147
0x1ECBF2,2018290,wwf.3,0xECBF2,71,0.545280,98981858585454FFFFFFFFFFFFFFFFFF,True,3780,188
0x1ED310,2020112,wwf.3,0xED310,100,0.768000,98981858585454FFFFFFFFFFFFFFFFFF,True,3592,15C
0x1EDBE6,2022374,wwf.3,0xEDBE6,209,1.605120,98981858585454FFFFFFFFFFFFFFFFFF,True,3756,182
0x1EED24,2026788,wwf.3,0xEED24,151,1.159680,98981858585454FFFFFFFFFFFFFFFFFF,True,3924,1AC
0x1EFA4C,2030156,wwf.3,0xEFA4C,190,1.459200,98981858585454FFFFFFFFFFFFFFFFFF,True,3984,1BB
0x1F0C50,2034768,wwf.3,0xF0C50,78,0.599040,98981858585454FFFFFFFFFFFFFFFFFF,True,3148,0F3
0x1F1336,2036534,wwf.3,0xF1336,120,0.921600,98981858585454FFFFFFFFFFFFFFFFFF,True,3600,15E
0x1F1DD6,2039254,wwf.3,0xF1DD6,139,1.067520,98981858585454FFFFFFFFFFFFFFFFFF,True,3316,148
0x1F29F2,2042354,wwf.3,0xF29F2,126,0.967680,98981858585454FFFFFFFFFFFFFFFFFF,True,3768,185
0x1F3524,2045220,wwf.3,0xF3524,191,1.466880,98981858585454FFFFFFFFFFFFFFFFFF,True,3308,158
0x1F458A,2049418,wwf.3,0xF458A,414,3.179520,98981858585454FFFFFFFFFFFFFFFFFF,True,3996,191
0x1F6B48,2059080,wwf.3,0xF6B48,110,0.844800,98981858585454FFFFFFFFFFFFFFFFFF,True,3432 3464 3496 3660,116 11E 126 130
0x1F7464,2061412,wwf.3,0xF7464,130,0.998400,98981858585454FFFFFFFFFFFFFFFFFF,True,3480 3644,122 12C
0x1F7EAC,2064044,wwf.3,0xF7EAC,139,1.067520,98981858585454FFFFFFFFFFFFFFFFFF,True,3504 3668,128 132
0x1F8B88,2067336,wwf.3,0xF8B88,157,1.205760,98981858585454FFFFFFFFFFFFFFFFFF,True,3792,18B
0x1F98FC,2070780,wwf.3,0xF98FC,199,1.528320,98981858585454FFFFFFFFFFFFFFFFFF,True,3372 3376,150 151
0x1FAB0A,2075402,wwf.3,0xFAB0A,65,0.499200,98981858585454FFFFFFFFFFFFFFFFFF,True,3220,105
0x1FB1AE,2077102,wwf.3,0xFB1AE,298,2.288640,909010101050504C4C4C4C4C4CFFFFFF,True,1476,0BD
0x20000E,2097166,wwf.4,0x0000E,129,0.990720,98981858585454FFFFFFFFFFFFFFFFFF,True,904 908,042 067 068
0x2009F8,2099704,wwf.4,0x009F8,117,0.898560,901010101010100C0C0C0C4C4CFFFFFF,True,1236,041 0AB
0x202D3C,2108732,wwf.4,0x02D3C,246,1.889280,98981858585454FFFFFFFFFFFFFFFFFF,True,936,06F
0x204204,2114052,wwf.4,0x04204,350,2.688000,98981858585454FFFFFFFFFFFFFFFFFF,True,900,066
0x205726,2119462,wwf.4,0x05726,1369,10.513920,92921212120E0E4E4EFFFFFFFFFFFFFF,False,,
0x2140E0,2179296,wwf.4,0x140E0,739,5.675520,9A9A1A5A5A5656FFFFFFFFFFFFFFFFFF,False,,
0x218FFE,2199550,wwf.4,0x18FFE,117,0.898560,98981858585454FFFFFFFFFFFFFFFFFF,True,4868,247
0x219952,2201938,wwf.4,0x19952,111,0.852480,98981858585454FFFFFFFFFFFFFFFFFF,True,4872,248
0x21A316,2204438,wwf.4,0x1A316,129,0.990720,98981858585454FFFFFFFFFFFFFFFFFF,True,4988,265
0x21B1C0,2208192,wwf.4,0x1B1C0,76,0.583680,98981858585454FFFFFFFFFFFFFFFFFF,True,4884,24B
0x21B96E,2210158,wwf.4,0x1B96E,145,1.113600,98981858585454FFFFFFFFFFFFFFFFFF,True,4804,237
0x21C41C,2212892,wwf.4,0x1C41C,72,0.552960,98981858585454FFFFFFFFFFFFFFFFFF,True,4820,23B
0x21CA28,2214440,wwf.4,0x1CA28,117,0.898560,98981858585454FFFFFFFFFFFFFFFFFF,True,4972,261
0x21D68E,2217614,wwf.4,0x1D68E,81,0.622080,98981858585454FFFFFFFFFFFFFFFFFF,True,4832,23E
0x21DD88,2219400,wwf.4,0x1DD88,71,0.545280,98981858585454FFFFFFFFFFFFFFFFFF,True,4836,23F
0x21E456,2221142,wwf.4,0x1E456,64,0.491520,98981858585454FFFFFFFFFFFFFFFFFF,True,4840,240
0x21EA36,2222646,wwf.4,0x1EA36,65,0.499200,98981858585454FFFFFFFFFFFFFFFFFF,True,4916,253
0x21F084,2224260,wwf.4,0x1F084,65,0.499200,98981858585454FFFFFFFFFFFFFFFFFF,True,4920,254
0x21F62E,2225710,wwf.4,0x1F62E,83,0.637440,98981858585454FFFFFFFFFFFFFFFFFF,True,4924,255
0x21FE8C,2227852,wwf.4,0x1FE8C,58,0.445440,98981858585454FFFFFFFFFFFFFFFFFF,True,4892,24D
0x220432,2229298,wwf.4,0x20432,68,0.522240,98981858585454FFFFFFFFFFFFFFFFFF,True,4824 4936,23C 258
0x2209DA,2230746,wwf.4,0x209DA,107,0.821760,98981858585454FFFFFFFFFFFFFFFFFF,True,4824 4944,23C 25A
0x221400,2233344,wwf.4,0x21400,150,1.152000,98981858585454FFFFFFFFFFFFFFFFFF,True,4824,23C
0x22227C,2237052,wwf.4,0x2227C,146,1.121280,98981858585454FFFFFFFFFFFFFFFFFF,True,4800,236
0x222F0E,2240270,wwf.4,0x22F0E,104,0.798720,98981858585454FFFFFFFFFFFFFFFFFF,True,4976,262
0x223A72,2243186,wwf.4,0x23A72,69,0.529920,98981858585454FFFFFFFFFFFFFFFFFF,True,4956,25D
0x224042,2244674,wwf.4,0x24042,263,2.019840,98981858585454FFFFFFFFFFFFFFFFFF,True,4968,260
0x225A0A,2251274,wwf.4,0x25A0A,59,0.453120,8C0C0C0C0C0C0C0C0C0C0C48484848FF,True,1564,04C
0x226F9E,2256798,wwf.4,0x26F9E,221,1.697280,8C8C0C0C0C0C0C484848484848FFFFFF,True,1376,048
0x22AE0C,2272780,wwf.4,0x2AE0C,241,1.850880,929212121252524E4E4E4EFFFFFFFFFF,True,1304,0C5
0x22CBE8,2280424,wwf.4,0x2CBE8,1027,7.887360,9A9A1A5A5A5656FFFFFFFFFFFFFFFFFF,False,,
0x231E20,2301472,wwf.4,0x31E20,68,0.522240,98981858585454FFFFFFFFFFFFFFFFFF,True,4680,22B
0x23243E,2303038,wwf.4,0x3243E,63,0.483840,98981858585454FFFFFFFFFFFFFFFFFF,True,4508,202
0x2329FC,2304508,wwf.4,0x329FC,180,1.382400,98981858585454FFFFFFFFFFFFFFFFFF,True,4644,222
0x233CDC,2309340,wwf.4,0x33CDC,70,0.537600,96961656565252FFFFFFFFFFFFFFFFFF,True,1116,071
0x234426,2311206,wwf.4,0x34426,123,0.944640,98981858585454FFFFFFFFFFFFFFFFFF,True,4712,233
0x235096,2314390,wwf.4,0x35096,126,0.967680,98981858585454FFFFFFFFFFFFFFFFFF,True,4612,21A
0x235B86,2317190,wwf.4,0x35B86,81,0.622080,98981858585454FFFFFFFFFFFFFFFFFF,True,4612,21A
0x2362CA,2319050,wwf.4,0x362CA,85,0.652800,98981858585454FFFFFFFFFFFFFFFFFF,True,4612,21A
0x236AEA,2321130,wwf.4,0x36AEA,67,0.514560,98981858585454FFFFFFFFFFFFFFFFFF,True,4684,22C
0x23716A,2322794,wwf.4,0x3716A,76,0.583680,98981858585454FFFFFFFFFFFFFFFFFF,True,4688,22D
0x23784E,2324558,wwf.4,0x3784E,62,0.476160,98981858585454FFFFFFFFFFFFFFFFFF,True,4608,219
0x237E16,2326038,wwf.4,0x37E16,58,0.445440,98981858585454FFFFFFFFFFFFFFFFFF,True,4608,219
0x23835C,2327388,wwf.4,0x3835C,92,0.706560,98981858585454FFFFFFFFFFFFFFFFFF,True,5088,27D
0x238B98,2329496,wwf.4,0x38B98,81,0.622080,98981858585454FFFFFFFFFFFFFFFFFF,True,5056,275
0x239360,2331488,wwf.4,0x39360,55,0.422400,98981858585454FFFFFFFFFFFFFFFFFF,True,5012,26A
0x2398B2,2332850,wwf.4,0x398B2,62,0.476160,98981858585454FFFFFFFFFFFFFFFFFF,True,5020,26C
0x239E6C,2334316,wwf.4,0x39E6C,130,0.998400,98981858585454FFFFFFFFFFFFFFFFFF,True,5028,26E
0x23AC30,2337840,wwf.4,0x3AC30,63,0.483840,98981858585454FFFFFFFFFFFFFFFFFF,True,5080,27B
0x23B1E4,2339300,wwf.4,0x3B1E4,68,0.522240,98981858585454FFFFFFFFFFFFFFFFFF,True,5076,27A
0x23B85E,2340958,wwf.4,0x3B85E,61,0.468480,98981858585454FFFFFFFFFFFFFFFFFF,True,5104,281
0x23BED4,2342612,wwf.4,0x3BED4,202,1.551360,98981858585454FFFFFFFFFFFFFFFFFF,True,5096,27F
0x23D15E,2347358,wwf.4,0x3D15E,224,1.720320,94941414145454545450505050FFFFFF,True,1248 1260,09E 0A1
0x23E980,2353536,wwf.4,0x3E980,174,1.336320,901010101010100C0C0C0C4C4CFFFFFF,True,1240,09C
0x24154E,2364750,wwf.4,0x4154E,108,0.829440,949414545454545050FFFFFFFFFFFFFF,False,,
0x242418,2368536,wwf.4,0x42418,89,0.683520,901010101010100C0C0C0C4C4CFFFFFF,True,1228,099
0x2432FE,2372350,wwf.4,0x432FE,84,0.645120,901010101010100C0C0C0C4C4CFFFFFF,True,1232,09A
0x244348,2376520,wwf.4,0x44348,229,1.758720,9A9A1A16165656FFFFFFFFFFFFFFFFFF,True,580,286
0x245BD6,2382806,wwf.4,0x45BD6,163,1.251840,92920E0E0E0E0E0E0E4E4E4E4EFFFFFF,False,,
0x248990,2394512,wwf.4,0x48990,326,2.503680,92920E0E0E0E0E0E0E4E4E4E4EFFFFFF,False,,
0x24E828,2418728,wwf.4,0x4E828,436,3.348480,92920E0E0E0E0E0E0E4E4E4E4EFFFFFF,False,,
0x256040,2449472,wwf.4,0x56040,184,1.413120,92920E0E0E0E0E0E0E4E4E4E4EFFFFFF,False,,
0x259196,2462102,wwf.4,0x59196,137,1.052160,92920E0E0E0E0E0E0E4E4E4E4EFFFFFF,False,,
0x25B6AA,2471594,wwf.4,0x5B6AA,54,0.414720,92920E0E0E0E0E0E0E4E4E4E4EFFFFFF,False,,
0x25C700,2475776,wwf.4,0x5C700,129,0.990720,92920E0E0E0E0E0E0E4E4E4E4EFFFFFF,True,244,021 0CB
0x25EA4E,2484814,wwf.4,0x5EA4E,280,2.150400,98981858585454FFFFFFFFFFFFFFFFFF,True,2560,1FB
0x260522,2491682,wwf.4,0x60522,46,0.353280,9494145454545450505050FFFFFFFFFF,True,208,018 0DD
0x260BAA,2493354,wwf.4,0x60BAA,46,0.353280,9494145454545450505050FFFFFFFFFF,True,224,01C
0x2612FA,2495226,wwf.4,0x612FA,540,4.147200,98981858585454FFFFFFFFFFFFFFFFFF,True,2568,1FD
0x2645B2,2508210,wwf.4,0x645B2,93,0.714240,96961656565252FFFFFFFFFFFFFFFFFF,True,1045 1057,085 089
0x264EC6,2510534,wwf.4,0x64EC6,250,1.920000,98981814145454FFFFFFFFFFFFFFFFFF,True,6148,1FA
0x266A56,2517590,wwf.4,0x66A56,120,0.921600,98981814145454FFFFFFFFFFFFFFFFFF,True,6172,1DE
0x2677B6,2521014,wwf.4,0x677B6,107,0.821760,98981814145454FFFFFFFFFFFFFFFFFF,True,6180,1E0
0x268450,2524240,wwf.4,0x68450,137,1.052160,98981814145454FFFFFFFFFFFFFFFFFF,True,6216,2B8
0x26941E,2528286,wwf.4,0x6941E,165,1.267200,98981814145454FFFFFFFFFFFFFFFFFF,True,6220,2B9
0x26A668,2532968,wwf.4,0x6A668,116,0.890880,98981814145454FFFFFFFFFFFFFFFFFF,True,6236,2BB
0x26B36A,2536298,wwf.4,0x6B36A,111,0.852480,98981814145454FFFFFFFFFFFFFFFFFF,True,6284,2C9
0x26C042,2539586,wwf.4,0x6C042,120,0.921600,98981814145454FFFFFFFFFFFFFFFFFF,True,6300,2CD
0x26CCF2,2542834,wwf.4,0x6CCF2,210,1.612800,98981814145454FFFFFFFFFFFFFFFFFF,True,6308 6316 6320 6324 6328 6332 6336 6344,2CF 2D1 2D2 2D3 2D4 2D5 2D6 2D8
0x26E3D6,2548694,wwf.4,0x6E3D6,98,0.752640,98981814145454FFFFFFFFFFFFFFFFFF,True,6316,2D1
0x26EFD8,2551768,wwf.4,0x6EFD8,94,0.721920,98981814145454FFFFFFFFFFFFFFFFFF,True,6332,2D5
0x26FA7C,2554492,wwf.4,0x6FA7C,104,0.798720,98981814145454FFFFFFFFFFFFFFFFFF,False,,
0x270576,2557302,wwf.4,0x70576,97,0.744960,98981814145454FFFFFFFFFFFFFFFFFF,True,6344,2D8
0x27117E,2560382,wwf.4,0x7117E,147,1.128960,98981814145454FFFFFFFFFFFFFFFFFF,False,,
0x27212E,2564398,wwf.4,0x7212E,173,1.328640,98981814145454FFFFFFFFFFFFFFFFFF,True,6376,2DD
0x27350E,2569486,wwf.4,0x7350E,134,1.029120,98981814145454FFFFFFFFFFFFFFFFFF,True,6384,1DA
0x274288,2572936,wwf.4,0x74288,189,1.451520,98981814145454FFFFFFFFFFFFFFFFFF,True,6392,1E4
0x27576E,2578286,wwf.4,0x7576E,134,1.029120,98981814145454FFFFFFFFFFFFFFFFFF,True,6400,1D0
0x276512,2581778,wwf.4,0x76512,159,1.221120,98981814145454FFFFFFFFFFFFFFFFFF,True,6412,2DE
0x27780A,2586634,wwf.4,0x7780A,183,1.405440,98981814145454FFFFFFFFFFFFFFFFFF,False,,
0x2789C2,2591170,wwf.4,0x789C2,60,0.460800,98981814145454FFFFFFFFFFFFFFFFFF,False,,
0x27903E,2592830,wwf.4,0x7903E,237,1.820160,98981814145454FFFFFFFFFFFFFFFFFF,True,6444,1D7
0x27AB1A,2599706,wwf.4,0x7AB1A,156,1.198080,98981814145454FFFFFFFFFFFFFFFFFF,True,6480,1E5
0x27BD08,2604296,wwf.4,0x7BD08,123,0.944640,98981814145454FFFFFFFFFFFFFFFFFF,True,6484,1E6
0x27CB7A,2607994,wwf.4,0x7CB7A,192,1.474560,98981814145454FFFFFFFFFFFFFFFFFF,True,6516,2ED
0x27DEE6,2612966,wwf.4,0x7DEE6,130,0.998400,98981814145454FFFFFFFFFFFFFFFFFF,True,6520,2EE
0x27EBF6,2616310,wwf.4,0x7EBF6,140,1.075200,98981814145454FFFFFFFFFFFFFFFFFF,True,6532,1EE
0x27FAE2,2620130,wwf.4,0x7FAE2,200,1.536000,98981814145454FFFFFFFFFFFFFFFFFF,True,6544,2F2
0x280F78,2625400,wwf.4,0x80F78,203,1.559040,98981814145454FFFFFFFFFFFFFFFFFF,True,6548,2F3
0x282502,2630914,wwf.4,0x82502,121,0.929280,98981814145454FFFFFFFFFFFFFFFFFF,True,6568,2F6
0x28317E,2634110,wwf.4,0x8317E,147,1.128960,98981814145454FFFFFFFFFFFFFFFFFF,True,6576,2F7
0x284202,2638338,wwf.4,0x84202,141,1.082880,98981814145454FFFFFFFFFFFFFFFFFF,True,6600,1F5
0x28502C,2641964,wwf.4,0x8502C,210,1.612800,98981814145454FFFFFFFFFFFFFFFFFF,True,6604,1F6
0x2866BE,2647742,wwf.4,0x866BE,191,1.466880,98981814145454FFFFFFFFFFFFFFFFFF,True,6616,2FB
0x287D00,2653440,wwf.4,0x87D00,186,1.428480,98981814145454FFFFFFFFFFFFFFFFFF,True,6624,2FD
0x289030,2658352,wwf.4,0x89030,531,4.078080,98981814145454FFFFFFFFFFFFFFFFFF,True,6632,2FF
0x28CA50,2673232,wwf.4,0x8CA50,199,1.528320,8C8C0C0C0C0C0C484848484848FFFFFF,True,1448,03E
0x290E76,2690678,wwf.4,0x90E76,93,0.714240,949414141410105050FFFFFFFFFFFFFF,False,,
0x2920BC,2695356,wwf.4,0x920BC,93,0.714240,949414141410105050FFFFFFFFFFFFFF,False,,
0x2933C6,2700230,wwf.4,0x933C6,70,0.537600,949414141410105050FFFFFFFFFFFFFF,False,,
0x294134,2703668,wwf.4,0x94134,66,0.506880,96961656565252FFFFFFFFFFFFFFFFFF,True,240 268 272,020 027 028
0x2947AA,2705322,wwf.4,0x947AA,37,0.284160,9494145454545450505050FFFFFFFFFF,True,172,00F
0x294D12,2706706,wwf.4,0x94D12,39,0.299520,9494145454545450505050FFFFFFFFFF,True,176,010 035 040
0x29524A,2708042,wwf.4,0x9524A,46,0.353280,9494145454545450505050FFFFFFFFFF,True,188 192,013 014
0x29585A,2709594,wwf.4,0x9585A,148,1.136640,949414545454545050FFFFFFFFFFFFFF,True,408,03D
0x29691C,2713884,wwf.4,0x9691C,93,0.714240,9494145454545450505050FFFFFFFFFF,True,316,0C0
0x296F94,2715540,wwf.4,0x96F94,62,0.476160,9494145454545450505050FFFFFFFFFF,True,320,0C2
0x2975A8,2717096,wwf.4,0x975A8,113,0.867840,949414545454545050FFFFFFFFFFFFFF,True,416,00C
0x298054,2719828,wwf.4,0x98054,92,0.706560,949414545454545050FFFFFFFFFFFFFF,True,424,00D
0x2989BE,2722238,wwf.4,0x989BE,184,1.413120,929212121252524E4E4E4EFFFFFFFFFF,True,1288,077 0A5 0C1
0x29A3DA,2728922,wwf.4,0x9A3DA,164,1.259520,96961656565252FFFFFFFFFFFFFFFFFF,True,772,05B
0x29B00A,2732042,wwf.4,0x9B00A,99,0.760320,98981858585454FFFFFFFFFFFFFFFFFF,False,,
0x29B696,2733718,wwf.4,0x9B696,62,0.476160,96961656565252FFFFFFFFFFFFFFFFFF,True,292 300,02D 02F
0x29BC0E,2735118,wwf.4,0x9BC0E,78,0.599040,98981858585454FFFFFFFFFFFFFFFFFF,True,1220,0AE
0x29C356,2736982,wwf.4,0x9C356,272,2.088960,92920E0E0E0E0E4E4E4E4E4E4EFFFFFF,False,,
0x2A0A8C,2755212,wwf.4,0xA0A8C,120,0.921600,92920E0E0E0E0E4E4E4E4E4E4EFFFFFF,False,,
0x2A2348,2761544,wwf.4,0xA2348,959,7.365120,909010101010100C0C4C4C4C4CFFFFFF,False,,
0x2B33BE,2831294,wwf.4,0xB33BE,43,0.330240,9494145454545450505050FFFFFFFFFF,False,,
0x2B3914,2832660,wwf.4,0xB3914,81,0.622080,9494145454545450505050FFFFFFFFFF,True,376,0B6
0x2B3EE6,2834150,wwf.4,0xB3EE6,215,1.651200,98981858585454FFFFFFFFFFFFFFFFFF,True,644,061
0x2B4DB6,2837942,wwf.4,0xB4DB6,16,0.122880,9494141414545450505050FFFFFFFFFF,True,460,00A
0x2B507C,2838652,wwf.4,0xB507C,356,2.734080,98981858585454FFFFFFFFFFFFFFFFFF,True,3516,13A
0x2B70E6,2846950,wwf.4,0xB70E6,133,1.021440,98981858585454FFFFFFFFFFFFFFFFFF,True,3384 3388,141 142
0x2B7E36,2850358,wwf.4,0xB7E36,121,0.929280,98981858585454FFFFFFFFFFFFFFFFFF,True,3796 3800,18C 18D
0x2B8A68,2853480,wwf.4,0xB8A68,75,0.576000,98981858585454FFFFFFFFFFFFFFFFFF,True,3164,0F7
0x2B90C0,2855104,wwf.4,0xB90C0,69,0.529920,98981858585454FFFFFFFFFFFFFFFFFF,True,3168,0F8
0x2B974A,2856778,wwf.4,0xB974A,75,0.576000,98981858585454FFFFFFFFFFFFFFFFFF,True,3172,0F9
0x2B9E7A,2858618,wwf.4,0xB9E7A,78,0.599040,98981858585454FFFFFFFFFFFFFFFFFF,True,3176,0FA
0x2BA5FE,2860542,wwf.4,0xBA5FE,260,1.996800,98981858585454FFFFFFFFFFFFFFFFFF,True,3928,1AD
0x2BBF1C,2866972,wwf.4,0xBBF1C,101,0.775680,98981858585454FFFFFFFFFFFFFFFFFF,True,3256 3288,10E 16C
0x2BC7C4,2869188,wwf.4,0xBC7C4,105,0.806400,98981858585454FFFFFFFFFFFFFFFFFF,True,3244 3276,10B 169
0x2BD1C6,2871750,wwf.4,0xBD1C6,134,1.029120,98981858585454FFFFFFFFFFFFFFFFFF,True,3264 3296,110 16E
0x2BDEB0,2875056,wwf.4,0xBDEB0,247,1.896960,98981858585454FFFFFFFFFFFFFFFFFF,True,3628,136
0x2BF4B4,2880692,wwf.4,0xBF4B4,174,1.336320,98981858585454FFFFFFFFFFFFFFFFFF,True,3844,198
0x2C0460,2884704,wwf.4,0xC0460,155,1.190400,98981858585454FFFFFFFFFFFFFFFFFF,True,3868,19E
0x2C116A,2888042,wwf.4,0xC116A,180,1.382400,9A9A1A5A5A5656FFFFFFFFFFFFFFFFFF,False,,
0x2C2524,2893092,wwf.4,0xC2524,143,1.098240,98981858585454FFFFFFFFFFFFFFFFFF,True,3144,0F2
0x2C320A,2896394,wwf.4,0xC320A,222,1.704960,98981858585454FFFFFFFFFFFFFFFFFF,True,3688,171
0x2C45B0,2901424,wwf.4,0xC45B0,196,1.505280,98981858585454FFFFFFFFFFFFFFFFFF,False,,
0x2C57E8,2906088,wwf.4,0xC57E8,203,1.559040,98981858585454FFFFFFFFFFFFFFFFFF,True,3356,12A
0x2C69C4,2910660,wwf.4,0xC69C4,168,1.290240,98981858585454FFFFFFFFFFFFFFFFFF,True,3632,165
0x2C79C8,2914760,wwf.4,0xC79C8,143,1.098240,98981858585454FFFFFFFFFFFFFFFFFF,False,,
0x2C871C,2918172,wwf.4,0xC871C,155,1.190400,98981858585454FFFFFFFFFFFFFFFFFF,True,3128,0EE
0x2C942C,2921516,wwf.4,0xC942C,176,1.351680,98981858585454FFFFFFFFFFFFFFFFFF,True,3300,13D
0x2CA432,2925618,wwf.4,0xCA432,147,1.128960,98981858585454FFFFFFFFFFFFFFFFFF,True,3228,107 134
0x2CB1F6,2929142,wwf.4,0xCB1F6,174,1.336320,98981858585454FFFFFFFFFFFFFFFFFF,True,3904,1A7
0x2CC1DC,2933212,wwf.4,0xCC1DC,112,0.860160,98981858585454FFFFFFFFFFFFFFFFFF,True,3132,0EF
0x2CCB96,2935702,wwf.4,0xCCB96,60,0.460800,98981858585454FFFFFFFFFFFFFFFFFF,True,3200,100
0x2CD0F2,2937074,wwf.4,0xCD0F2,172,1.320960,98981858585454FFFFFFFFFFFFFFFFFF,True,3508,138
0x2CE07A,2941050,wwf.4,0xCE07A,78,0.599040,98981858585454FFFFFFFFFFFFFFFFFF,True,3800,18D
0x2CE85C,2943068,wwf.4,0xCE85C,174,1.336320,98981858585454FFFFFFFFFFFFFFFFFF,True,3400,146
0x2CF6CC,2946764,wwf.4,0xCF6CC,78,0.599040,98981858585454FFFFFFFFFFFFFFFFFF,True,3324,14A
0x2CFD96,2948502,wwf.4,0xCFD96,61,0.468480,98981858585454FFFFFFFFFFFFFFFFFF,True,3192,0FE
0x2D03B6,2950070,wwf.4,0xD03B6,307,2.357760,98981858585454FFFFFFFFFFFFFFFFFF,True,3992,190
0x2D2014,2957332,wwf.4,0xD2014,206,1.582080,98981858585454FFFFFFFFFFFFFFFFFF,True,3888,1A3
0x2D3170,2961776,wwf.4,0xD3170,65,0.499200,98981858585454FFFFFFFFFFFFFFFFFF,True,3672,133
0x2D380A,2963466,wwf.4,0xD380A,214,1.643520,98981858585454FFFFFFFFFFFFFFFFFF,True,3680,16F
0x2D4BBA,2968506,wwf.4,0xD4BBA,147,1.128960,98981858585454FFFFFFFFFFFFFFFFFF,True,3872,19F
0x2D5824,2971684,wwf.4,0xD5824,252,1.935360,98981858585454FFFFFFFFFFFFFFFFFF,True,3636,166
0x2D6F7A,2977658,wwf.4,0xD6F7A,162,1.244160,98981858585454FFFFFFFFFFFFFFFFFF,True,3568,144
0x2D7D9A,2981274,wwf.4,0xD7D9A,127,0.975360,98981858585454FFFFFFFFFFFFFFFFFF,True,3616,162
0x2D88BA,2984122,wwf.4,0xD88BA,187,1.436160,98981858585454FFFFFFFFFFFFFFFFFF,False,,
0x2D9990,2988432,wwf.4,0xD9990,63,0.483840,98981858585454FFFFFFFFFFFFFFFFFF,True,3112,0EA
0x2D9EE6,2989798,wwf.4,0xD9EE6,73,0.560640,98981858585454FFFFFFFFFFFFFFFFFF,True,3120,0EC
0x2DA550,2991440,wwf.4,0xDA550,265,2.035200,98981858585454FFFFFFFFFFFFFFFFFF,True,3776,187
0x2DBDCE,2997710,wwf.4,0xDBDCE,131,1.006080,98981858585454FFFFFFFFFFFFFFFFFF,True,3332,14B
0x2DCA0C,3000844,wwf.4,0xDCA0C,64,0.491520,98981858585454FFFFFFFFFFFFFFFFFF,True,3100,0E7
0x2DCFA0,3002272,wwf.4,0xDCFA0,110,0.844800,98981858585454FFFFFFFFFFFFFFFFFF,True,3788,18A
0x2DD89A,3004570,wwf.4,0xDD89A,103,0.791040,98981858585454FFFFFFFFFFFFFFFFFF,True,3160,0F6
0x2DE23A,3007034,wwf.4,0xDE23A,121,0.929280,98981858585454FFFFFFFFFFFFFFFFFF,True,3412 3416 3420 3424 3428 3432 3436 3440,111 112 113 114 115 116 117 118
0x2DEC00,3009536,wwf.4,0xDEC00,126,0.967680,98981858585454FFFFFFFFFFFFFFFFFF,True,3476 3640,121 12B
0x2DF636,3012150,wwf.4,0xDF636,128,0.983040,98981858585454FFFFFFFFFFFFFFFFFF,True,3428 3460 3492 3656,115 11D 125 12F
0x2E0112,3014930,wwf.4,0xE0112,157,1.205760,98981858585454FFFFFFFFFFFFFFFFFF,True,3760,183
0x2E0EAC,3018412,wwf.4,0xE0EAC,176,1.351680,98981858585454FFFFFFFFFFFFFFFFFF,True,3908,1A8
0x2E1DA6,3022246,wwf.4,0xE1DA6,79,0.606720,98981858585454FFFFFFFFFFFFFFFFFF,True,3856,19B
0x2E24A4,3024036,wwf.4,0xE24A4,220,1.689600,98981858585454FFFFFFFFFFFFFFFFFF,True,3232,108 135
0x2E36B0,3028656,wwf.4,0xE36B0,90,0.691200,98981858585454FFFFFFFFFFFFFFFFFF,True,3740,17E
0x2E3EA6,3030694,wwf.4,0xE3EA6,156,1.198080,98981858585454FFFFFFFFFFFFFFFFFF,True,3880,1A1
0x2E4CF2,3034354,wwf.4,0xE4CF2,151,1.159680,98981858585454FFFFFFFFFFFFFFFFFF,True,3548,156
0x2E59C2,3037634,wwf.4,0xE59C2,66,0.506880,98981858585454FFFFFFFFFFFFFFFFFF,True,3900,1A6
0x2E5F50,3039056,wwf.4,0xE5F50,62,0.476160,98981858585454FFFFFFFFFFFFFFFFFF,True,3212,103
0x2E6540,3040576,wwf.4,0xE6540,60,0.460800,98981858585454FFFFFFFFFFFFFFFFFF,True,3216,104
0x2E6B12,3042066,wwf.4,0xE6B12,81,0.622080,8C0C0C0C0C0C0C0C0C0C0C48484848FF,True,1568,04D
0x2E86BA,3049146,wwf.4,0xE86BA,296,2.273280,909010101050504C4C4C4C4C4CFFFFFF,True,1520,0BB
0x2EC356,3064662,wwf.4,0xEC356,304,2.334720,9A9A1A5A5A5656FFFFFFFFFFFFFFFFFF,False,,
0x2EE078,3072120,wwf.4,0xEE078,2006,15.406080,969616565652525252FFFFFFFFFFFFFF,False,,
0x30000E,3145742,wwf.5,0x0000E,56,0.430080,98981858585454FFFFFFFFFFFFFFFFFF,True,916,06A
0x3004D8,3146968,wwf.5,0x004D8,54,0.414720,98981858585454FFFFFFFFFFFFFFFFFF,True,920,06B
0x300984,3148164,wwf.5,0x00984,382,2.933760,98981858585454FFFFFFFFFFFFFFFFFF,True,912,069
0x302882,3156098,wwf.5,0x02882,685,5.260800,92921212120E0E4E4EFFFFFFFFFFFFFF,False,,
0x30A52C,3188012,wwf.5,0x0A52C,183,1.405440,98981858585454FFFFFFFFFFFFFFFFFF,True,904 908,042 067 068
0x30B610,3192336,wwf.5,0x0B610,398,3.056640,98981858585454FFFFFFFFFFFFFFFFFF,False,,
0x30D828,3201064,wwf.5,0x0D828,572,4.392960,9A9A1A5A5A5656FFFFFFFFFFFFFFFFFF,False,,
0x310B78,3214200,wwf.5,0x10B78,145,1.113600,98981858585454FFFFFFFFFFFFFFFFFF,True,4860,245
0x311948,3217736,wwf.5,0x11948,86,0.660480,98981858585454FFFFFFFFFFFFFFFFFF,True,4852,243
0x3121F6,3219958,wwf.5,0x121F6,85,0.652800,98981858585454FFFFFFFFFFFFFFFFFF,True,4856,244
0x312A80,3222144,wwf.5,0x12A80,48,0.368640,98981858585454FFFFFFFFFFFFFFFFFF,True,4880,24A
0x312F36,3223350,wwf.5,0x12F36,45,0.345600,98981858585454FFFFFFFFFFFFFFFFFF,True,4812,239
0x31337E,3224446,wwf.5,0x1337E,54,0.414720,98981858585454FFFFFFFFFFFFFFFFFF,True,4828,23D
0x31381C,3225628,wwf.5,0x1381C,57,0.437760,98981858585454FFFFFFFFFFFFFFFFFF,True,4844,241
0x313DF2,3227122,wwf.5,0x13DF2,51,0.391680,98981858585454FFFFFFFFFFFFFFFFFF,True,4848,242
0x3142B4,3228340,wwf.5,0x142B4,98,0.752640,98981858585454FFFFFFFFFFFFFFFFFF,True,4808,238
0x31489E,3229854,wwf.5,0x1489E,62,0.476160,98981858585454FFFFFFFFFFFFFFFFFF,True,4904,250
0x314DD2,3231186,wwf.5,0x14DD2,46,0.353280,98981858585454FFFFFFFFFFFFFFFFFF,True,4908,251
0x3151DA,3232218,wwf.5,0x151DA,48,0.368640,98981858585454FFFFFFFFFFFFFFFFFF,True,4932,257
0x3156A6,3233446,wwf.5,0x156A6,96,0.737280,98981858585454FFFFFFFFFFFFFFFFFF,True,4824 4940,23C 259
0x315F14,3235604,wwf.5,0x15F14,125,0.960000,98981858585454FFFFFFFFFFFFFFFFFF,True,4824,23C
0x316A5C,3238492,wwf.5,0x16A5C,99,0.760320,98981858585454FFFFFFFFFFFFFFFFFF,True,4980,263
0x3174D8,3241176,wwf.5,0x174D8,78,0.599040,98981858585454FFFFFFFFFFFFFFFFFF,True,4960,25E
0x317B7C,3242876,wwf.5,0x17B7C,66,0.506880,98981858585454FFFFFFFFFFFFFFFFFF,True,4900,24F
0x3182D0,3244752,wwf.5,0x182D0,92,0.706560,98981858585454FFFFFFFFFFFFFFFFFF,True,4816,23A
0x318A02,3246594,wwf.5,0x18A02,34,0.261120,9494145454545450505050FFFFFFFFFF,True,136,004
0x318F1C,3247900,wwf.5,0x18F1C,41,0.314880,9494145454545450505050FFFFFFFFFF,True,140,005
0x319384,3249028,wwf.5,0x19384,94,0.721920,9494145454545450505050FFFFFFFFFF,True,348,0AC
0x31A080,3252352,wwf.5,0x1A080,94,0.721920,9A9A1A16165656FFFFFFFFFFFFFFFFFF,True,572,284
0x31AAA2,3254946,wwf.5,0x1AAA2,266,2.042880,9A9A1A16165656FFFFFFFFFFFFFFFFFF,True,568,283
0x31C79C,3262364,wwf.5,0x1C79C,52,0.399360,8C0C0C0C0C0C0C0C0C0C0C48484848FF,True,1556,04A
0x31D9C2,3267010,wwf.5,0x1D9C2,42,0.322560,8C0C0C0C0C0C0C0C0C0C0C48484848FF,True,1560,04B
0x31E802,3270658,wwf.5,0x1E802,167,1.282560,949414545454545050FFFFFFFFFFFFFF,True,1580,0C6
0x31FAC6,3275462,wwf.5,0x1FAC6,213,1.635840,909010101050504C4C4C4C4C4CFFFFFF,True,1480,003
0x322AEE,3287790,wwf.5,0x22AEE,241,1.850880,909010101050504C4C4C4C4C4CFFFFFF,True,1488,0BA
0x325844,3299396,wwf.5,0x25844,337,2.588160,9A9A1A5A5A5656FFFFFFFFFFFFFFFFFF,False,,
0x32756C,3306860,wwf.5,0x2756C,18,0.138240,9C9C1C5C5C5C5C5C5C5C5CFFFFFFFFFF,False,,
0x327778,3307384,wwf.5,0x27778,47,0.360960,9C9C1C5C5C5C5C5C5C5C5CFFFFFFFFFF,False,,
0x327A1A,3308058,wwf.5,0x27A1A,48,0.368640,9C9C1C5C5C5C5C5C5C5C5CFFFFFFFFFF,False,,
0x327EFE,3309310,wwf.5,0x27EFE,166,1.274880,929212121212124E4E4E4EFFFFFFFFFF,True,1436,043
0x3299EE,3316206,wwf.5,0x299EE,113,0.867840,98981858585454FFFFFFFFFFFFFFFFFF,True,4624,21D
0x32A592,3319186,wwf.5,0x2A592,111,0.852480,98981858585454FFFFFFFFFFFFFFFFFF,True,4628,21E
0x32B0A2,3322018,wwf.5,0x2B0A2,122,0.936960,98981858585454FFFFFFFFFFFFFFFFFF,True,4632,21F
0x32BC14,3324948,wwf.5,0x2BC14,39,0.299520,98981858585454FFFFFFFFFFFFFFFFFF,True,4592,215
0x32BEFE,3325694,wwf.5,0x2BEFE,40,0.307200,98981858585454FFFFFFFFFFFFFFFFFF,True,4596,216
0x32C220,3326496,wwf.5,0x2C220,48,0.368640,98981858585454FFFFFFFFFFFFFFFFFF,True,4600,217
0x32C5B8,3327416,wwf.5,0x2C5B8,94,0.721920,98981858585454FFFFFFFFFFFFFFFFFF,True,4604,218
0x32CEE8,3329768,wwf.5,0x2CEE8,48,0.368640,98981858585454FFFFFFFFFFFFFFFFFF,True,4500,200
0x32D3A2,3330978,wwf.5,0x2D3A2,60,0.460800,98981858585454FFFFFFFFFFFFFFFFFF,True,4504,201
0x32D95A,3332442,wwf.5,0x2D95A,177,1.359360,96961656565252FFFFFFFFFFFFFFFFFF,False,,
0x32EA0A,3336714,wwf.5,0x2EA0A,293,2.250240,96961656565252FFFFFFFFFFFFFFFFFF,True,552 556,057 058
0x33022E,3342894,wwf.5,0x3022E,143,1.098240,98981858585454FFFFFFFFFFFFFFFFFF,True,4540,208
0x3310A0,3346592,wwf.5,0x310A0,103,0.791040,98981858585454FFFFFFFFFFFFFFFFFF,True,4536,207
0x33199C,3348892,wwf.5,0x3199C,148,1.136640,98981858585454FFFFFFFFFFFFFFFFFF,True,4560,20D
0x332926,3352870,wwf.5,0x32926,94,0.721920,96961656565252FFFFFFFFFFFFFFFFFF,True,1120,072
0x3332E4,3355364,wwf.5,0x332E4,126,0.967680,98981858585454FFFFFFFFFFFFFFFFFF,True,4572,210
0x333E14,3358228,wwf.5,0x33E14,39,0.299520,98981858585454FFFFFFFFFFFFFFFFFF,True,4652 4656 4660 4664 4668,224 225 226 227 228
0x3341DA,3359194,wwf.5,0x341DA,104,0.798720,98981858585454FFFFFFFFFFFFFFFFFF,True,4700 4704,230 231
0x334A4E,3361358,wwf.5,0x34A4E,43,0.330240,98981858585454FFFFFFFFFFFFFFFFFF,True,4524 4528,206 234
0x334E0C,3362316,wwf.5,0x34E0C,36,0.276480,98981858585454FFFFFFFFFFFFFFFFFF,True,4532,235
0x335158,3363160,wwf.5,0x35158,49,0.376320,98981858585454FFFFFFFFFFFFFFFFFF,True,4616,21B
0x3355DE,3364318,wwf.5,0x355DE,40,0.307200,98981858585454FFFFFFFFFFFFFFFFFF,True,4620,21C
0x3359D2,3365330,wwf.5,0x359D2,866,6.650880,969616161612125252FFFFFFFFFFFFFF,False,,
0x33F58E,3405198,wwf.5,0x3F58E,164,1.259520,98981858585454FFFFFFFFFFFFFFFFFF,True,4580 4584,212 213
0x340488,3409032,wwf.5,0x40488,102,0.783360,98981858585454FFFFFFFFFFFFFFFFFF,True,4612,21A
0x340E18,3411480,wwf.5,0x40E18,111,0.852480,98981858585454FFFFFFFFFFFFFFFFFF,True,4612,21A
0x3419BC,3414460,wwf.5,0x419BC,77,0.591360,98981858585454FFFFFFFFFFFFFFFFFF,True,4512 4516 4520,203 204 205
0x3420FC,3416316,wwf.5,0x420FC,60,0.460800,98981858585454FFFFFFFFFFFFFFFFFF,True,4608,219
0x3426CA,3417802,wwf.5,0x426CA,51,0.391680,98981858585454FFFFFFFFFFFFFFFFFF,True,4608,219
0x342B22,3418914,wwf.5,0x42B22,70,0.537600,98981858585454FFFFFFFFFFFFFFFFFF,True,4608,219
0x3430BE,3420350,wwf.5,0x430BE,42,0.322560,98981858585454FFFFFFFFFFFFFFFFFF,True,4608,219
0x3433BA,3421114,wwf.5,0x433BA,76,0.583680,98981858585454FFFFFFFFFFFFFFFFFF,True,4608,219
0x343AFA,3422970,wwf.5,0x43AFA,216,1.658880,96961656565252FFFFFFFFFFFFFFFFFF,True,560,059
0x345330,3429168,wwf.5,0x45330,41,0.314880,9C9C1C5C5C5C5C5C5C5C5CFFFFFFFFFF,False,,
0x3456E8,3430120,wwf.5,0x456E8,24,0.184320,9C9C1C5C5C5C5C5C5C5C5CFFFFFFFFFF,False,,
0x34596A,3430762,wwf.5,0x4596A,19,0.145920,9C9C1C5C5C5C5C5C5C5C5CFFFFFFFFFF,False,,
0x345B98,3431320,wwf.5,0x45B98,90,0.691200,9C9C1C5C5C5C5C5C5C5C5CFFFFFFFFFF,False,,
0x34635C,3433308,wwf.5,0x4635C,29,0.222720,98981858585454FFFFFFFFFFFFFFFFFF,True,5052,274
0x3466B4,3434164,wwf.5,0x466B4,78,0.599040,98981858585454FFFFFFFFFFFFFFFFFF,True,5060,276
0x346E08,3436040,wwf.5,0x46E08,131,1.006080,98981858585454FFFFFFFFFFFFFFFFFF,True,5068,278
0x347BE2,3439586,wwf.5,0x47BE2,65,0.499200,98981858585454FFFFFFFFFFFFFFFFFF,True,5000,267
0x34821C,3441180,wwf.5,0x4821C,66,0.506880,98981858585454FFFFFFFFFFFFFFFFFF,True,5004,268
0x3487F2,3442674,wwf.5,0x487F2,49,0.376320,98981858585454FFFFFFFFFFFFFFFFFF,True,5016,26B
0x348C98,3443864,wwf.5,0x48C98,134,1.029120,98981858585454FFFFFFFFFFFFFFFFFF,True,5072,279
0x3499EE,3447278,wwf.5,0x499EE,35,0.268800,98981858585454FFFFFFFFFFFFFFFFFF,True,5104,281
0x349D52,3448146,wwf.5,0x49D52,43,0.330240,98981858585454FFFFFFFFFFFFFFFFFF,True,5104,281
0x34A216,3449366,wwf.5,0x4A216,58,0.445440,98981858585454FFFFFFFFFFFFFFFFFF,True,5104,281
0x34A75E,3450718,wwf.5,0x4A75E,32,0.245760,98981858585454FFFFFFFFFFFFFFFFFF,True,5044,272
0x34AAA4,3451556,wwf.5,0x4AAA4,38,0.291840,98981858585454FFFFFFFFFFFFFFFFFF,True,5048,273
0x34AE52,3452498,wwf.5,0x4AE52,169,1.297920,98981858585454FFFFFFFFFFFFFFFFFF,True,5036,270
0x34BF2E,3456814,wwf.5,0x4BF2E,32,0.245760,98981858585454FFFFFFFFFFFFFFFFFF,True,5084,27C
0x34C1DC,3457500,wwf.5,0x4C1DC,40,0.307200,9494145454545450505050FFFFFFFFFF,True,128,001
0x34C7BE,3459006,wwf.5,0x4C7BE,33,0.253440,9494145454545450505050FFFFFFFFFF,True,132,002
0x34CCD6,3460310,wwf.5,0x4CCD6,31,0.238080,9494145454545450505050FFFFFFFFFF,True,156,009
0x34D0E2,3461346,wwf.5,0x4D0E2,325,2.496000,92920E0E0E0E0E0E0E4E4E4E4EFFFFFF,False,,
0x352BBE,3484606,wwf.5,0x52BBE,326,2.503680,92920E0E0E0E0E0E0E4E4E4E4EFFFFFF,False,,
0x358912,3508498,wwf.5,0x58912,81,0.622080,92920E0E0E0E0E0E0E4E4E4E4EFFFFFF,False,,
0x35A126,3514662,wwf.5,0x5A126,217,1.666560,92920E0E0E0E0E0E0E4E4E4E4EFFFFFF,False,,
0x35DFB6,3530678,wwf.5,0x5DFB6,187,1.436160,9A9A1A5A5A5656FFFFFFFFFFFFFFFFFF,False,,
0x35F1EA,3535338,wwf.5,0x5F1EA,379,2.910720,9A9A1A5A5A5656FFFFFFFFFFFFFFFFFF,False,,
0x36155A,3544410,wwf.5,0x6155A,26,0.199680,9494145454545450505050FFFFFFFFFF,True,212,019
0x36192A,3545386,wwf.5,0x6192A,50,0.384000,9494145454545450505050FFFFFFFFFF,True,216,01A
0x362038,3547192,wwf.5,0x62038,45,0.345600,9494145454545450505050FFFFFFFFFF,True,352,0B2
0x362540,3548480,wwf.5,0x62540,446,3.425280,98981858585454FFFFFFFFFFFFFFFFFF,True,2572,1FF
0x364E36,3558966,wwf.5,0x64E36,117,0.898560,9A9A1A16165656FFFFFFFFFFFFFFFFFF,True,596,0D5
0x365BEA,3562474,wwf.5,0x65BEA,154,1.182720,9A9A1A16165656FFFFFFFFFFFFFFFFFF,True,600,0D6
0x366E0A,3567114,wwf.5,0x66E0A,100,0.768000,96961656565252FFFFFFFFFFFFFFFFFF,True,1060 1063,08A 08B
0x3677C0,3569600,wwf.5,0x677C0,64,0.491520,98981814145454FFFFFFFFFFFFFFFFFF,True,6156 6164 6168 6172 6176 6180 6192 6196,1DB 1DC 1DD 1DE 1DF 1E0 1E1 1E2
0x367F82,3571586,wwf.5,0x67F82,131,1.006080,98981814145454FFFFFFFFFFFFFFFFFF,True,6164,1DB
0x368EDA,3575514,wwf.5,0x68EDA,117,0.898560,98981814145454FFFFFFFFFFFFFFFFFF,True,6200 6208 6212 6216 6220 6224 6236 6240,2B4 2B6 2B7 2B8 2B9 2BA 2BB 2BE
0x369B78,3578744,wwf.5,0x69B78,86,0.660480,98981814145454FFFFFFFFFFFFFFFFFF,True,6200,2B4
0x36A47A,3581050,wwf.5,0x6A47A,122,0.936960,98981814145454FFFFFFFFFFFFFFFFFF,True,6208,2B6
0x36B30E,3584782,wwf.5,0x6B30E,132,1.013760,98981814145454FFFFFFFFFFFFFFFFFF,True,6212,2B7
0x36C294,3588756,wwf.5,0x6C294,135,1.036800,98981814145454FFFFFFFFFFFFFFFFFF,True,6240,2BE
0x36D2E8,3592936,wwf.5,0x6D2E8,137,1.052160,98981814145454FFFFFFFFFFFFFFFFFF,True,6288,2CA
0x36E250,3596880,wwf.5,0x6E250,101,0.775680,98981814145454FFFFFFFFFFFFFFFFFF,True,6296,2CC
0x36EE08,3599880,wwf.5,0x6EE08,144,1.105920,98981814145454FFFFFFFFFFFFFFFFFF,True,6304,2CE
0x36FE48,3604040,wwf.5,0x6FE48,35,0.268800,98981814145454FFFFFFFFFFFFFFFFFF,True,6308,2CF
0x370228,3605032,wwf.5,0x70228,95,0.729600,98981814145454FFFFFFFFFFFFFFFFFF,True,6320,2D2
0x370DCA,3608010,wwf.5,0x70DCA,68,0.522240,98981814145454FFFFFFFFFFFFFFFFFF,True,6336,2D6
0x3715C8,3610056,wwf.5,0x715C8,243,1.866240,98981814145454FFFFFFFFFFFFFFFFFF,True,6356,2DB
0x3731DC,3617244,wwf.5,0x731DC,219,1.681920,98981814145454FFFFFFFFFFFFFFFFFF,True,6364,1D1
0x3749D4,3623380,wwf.5,0x749D4,118,0.906240,98981814145454FFFFFFFFFFFFFFFFFF,True,6388,1D8
0x3757C2,3626946,wwf.5,0x757C2,159,1.221120,98981814145454FFFFFFFFFFFFFFFFFF,True,6432,2E3
0x376942,3631426,wwf.5,0x76942,124,0.952320,98981814145454FFFFFFFFFFFFFFFFFF,True,6456,2E6
0x37768A,3634826,wwf.5,0x7768A,168,1.290240,98981814145454FFFFFFFFFFFFFFFFFF,True,6460,2E7
0x37896E,3639662,wwf.5,0x7896E,178,1.367040,98981814145454FFFFFFFFFFFFFFFFFF,True,6476,1E3
0x379CC4,3644612,wwf.5,0x79CC4,235,1.804800,98981814145454FFFFFFFFFFFFFFFFFF,True,6496,2EB
0x37B640,3651136,wwf.5,0x7B640,120,0.921600,98981814145454FFFFFFFFFFFFFFFFFF,True,6500,1E7
0x37C208,3654152,wwf.5,0x7C208,110,0.844800,98981814145454FFFFFFFFFFFFFFFFFF,True,6508,1EA
0x37CD6C,3657068,wwf.5,0x7CD6C,126,0.967680,98981814145454FFFFFFFFFFFFFFFFFF,True,6528,2EF
0x37DBF4,3660788,wwf.5,0x7DBF4,179,1.374720,98981814145454FFFFFFFFFFFFFFFFFF,True,6536,1ED
0x37ECEC,3665132,wwf.5,0x7ECEC,120,0.921600,98981814145454FFFFFFFFFFFFFFFFFF,True,6540,1EF 2F1
0x37F8A8,3668136,wwf.5,0x7F8A8,152,1.167360,98981814145454FFFFFFFFFFFFFFFFFF,True,6556,1F8
0x3808FC,3672316,wwf.5,0x808FC,189,1.451520,98981814145454FFFFFFFFFFFFFFFFFF,True,6560,2F5
0x381DEE,3677678,wwf.5,0x81DEE,144,1.105920,98981814145454FFFFFFFFFFFFFFFFFF,True,6572,1F1
0x382E5E,3681886,wwf.5,0x82E5E,220,1.689600,98981814145454FFFFFFFFFFFFFFFFFF,True,6580,1F2
0x3845F4,3687924,wwf.5,0x845F4,271,2.081280,98981814145454FFFFFFFFFFFFFFFFFF,True,6584,1F4
0x386456,3695702,wwf.5,0x86456,173,1.328640,98981814145454FFFFFFFFFFFFFFFFFF,True,6620,2FC
0x3877AE,3700654,wwf.5,0x877AE,155,1.190400,98981814145454FFFFFFFFFFFFFFFFFF,True,564 6644,282 302
0x3889A8,3705256,wwf.5,0x889A8,34,0.261120,9494145454545450505050FFFFFFFFFF,True,144,006
0x388E36,3706422,wwf.5,0x88E36,31,0.238080,9494145454545450505050FFFFFFFFFF,True,148,007
0x3892C2,3707586,wwf.5,0x892C2,35,0.268800,9494145454545450505050FFFFFFFFFF,True,152,008
0x3897DE,3708894,wwf.5,0x897DE,161,1.236480,949414141410105050FFFFFFFFFFFFFF,False,,
0x38B486,3716230,wwf.5,0x8B486,490,3.763200,949414141410105050FFFFFFFFFFFFFF,False,,
0x39172C,3741484,wwf.5,0x9172C,35,0.268800,9494145454545450505050FFFFFFFFFF,True,168,00E
0x391BA2,3742626,wwf.5,0x91BA2,29,0.222720,9494145454545450505050FFFFFFFFFF,True,180,011
0x39205A,3743834,wwf.5,0x9205A,42,0.322560,9494145454545450505050FFFFFFFFFF,True,184,012
0x3924FE,3745022,wwf.5,0x924FE,38,0.291840,9494145454545450505050FFFFFFFFFF,True,196,015
0x392A20,3746336,wwf.5,0x92A20,30,0.230400,9494145454545450505050FFFFFFFFFF,True,200,016
0x392DEC,3747308,wwf.5,0x92DEC,32,0.245760,9494145454545450505050FFFFFFFFFF,True,204,017
0x3931CA,3748298,wwf.5,0x931CA,125,0.960000,949414545454545050FFFFFFFFFFFFFF,True,412,00B
0x393E1C,3751452,wwf.5,0x93E1C,48,0.368640,949414545454545050FFFFFFFFFFFFFF,False,,
0x3942EC,3752684,wwf.5,0x942EC,26,0.199680,949414545454545050FFFFFFFFFFFFFF,True,428,046
0x3944FA,3753210,wwf.5,0x944FA,34,0.261120,949414545454545050FFFFFFFFFFFFFF,True,432 434,047 0B5
0x3947B6,3753910,wwf.5,0x947B6,170,1.305600,9A9A1A16165656FFFFFFFFFFFFFFFFFF,True,592,0D4
0x395D40,3759424,wwf.5,0x95D40,42,0.322560,949414545450505050FFFFFFFFFFFFFF,True,480,0DA
0x396130,3760432,wwf.5,0x96130,179,1.374720,929212121252524E4E4E4EFFFFFFFFFF,True,1280,076 0BF
0x397BE0,3767264,wwf.5,0x97BE0,197,1.512960,929212121252524E4E4E4EFFFFFFFFFF,True,1296,078 0C3
0x39978C,3774348,wwf.5,0x9978C,382,2.933760,9A9A1A5A5A5656FFFFFFFFFFFFFFFFFF,False,,
0x39BF8C,3784588,wwf.5,0x9BF8C,56,0.430080,96961656565252FFFFFFFFFFFFFFFFFF,True,1148,079
0x39C4C4,3785924,wwf.5,0x9C4C4,69,0.529920,96961656565252FFFFFFFFFFFFFFFFFF,True,1160,07C
0x39CB9C,3787676,wwf.5,0x9CB9C,192,1.474560,96961656565252FFFFFFFFFFFFFFFFFF,True,772,05B
0x39DA4A,3791434,wwf.5,0x9DA4A,401,3.079680,969616565652525252FFFFFFFFFFFFFF,False,,
0x3A06CC,3802828,wwf.5,0xA06CC,69,0.529920,8C0C0C0C0C0C0C0C0C0C0C48484848FF,True,1576,0A9
0x3A1E98,3808920,wwf.5,0xA1E98,85,0.652800,989818181854545454FFFFFFFFFFFFFF,True,1284,03C
0x3A2348,3810120,wwf.5,0xA2348,148,1.136640,9A9A1A16165656FFFFFFFFFFFFFFFFFF,True,576,285
0x3A32D0,3814096,wwf.5,0xA32D0,38,0.291840,96961656565252FFFFFFFFFFFFFFFFFF,True,288 296,02C 02E
0x3A368E,3815054,wwf.5,0xA368E,55,0.422400,96961656565252FFFFFFFFFFFFFFFFFF,True,312,032
0x3A3BB6,3816374,wwf.5,0xA3BB6,52,0.399360,98981858585454FFFFFFFFFFFFFFFFFF,True,1224,0AF
0x3A3F6E,3817326,wwf.5,0xA3F6E,79,0.606720,98981858585454FFFFFFFFFFFFFFFFFF,False,,
0x3A4638,3819064,wwf.5,0xA4638,62,0.476160,98981858585454FFFFFFFFFFFFFFFFFF,True,652,063
0x3A4B48,3820360,wwf.5,0xA4B48,240,1.843200,92920E0E0E0E0E4E4E4E4E4E4EFFFFFF,False,,
0x3A8650,3835472,wwf.5,0xA8650,121,0.929280,92920E0E0E0E0E4E4E4E4E4E4EFFFFFF,False,,
0x3AA546,3843398,wwf.5,0xAA546,719,5.521920,92920E0E0E0E0E4E4E4E4E4E4EFFFFFF,False,,
0x3B5D5E,3890526,wwf.5,0xB5D5E,56,0.430080,949414141454545050FFFFFFFFFFFFFF,True,1456,0C7
0x3B63D0,3892176,wwf.5,0xB63D0,55,0.422400,949414141454545050FFFFFFFFFFFFFF,True,1460,0C8
0x3B6AE8,3893992,wwf.5,0xB6AE8,107,0.821760,909010101010100C0C0C0C4C4CFFFFFF,False,,
0x3B862E,3900974,wwf.5,0xB862E,1322,10.152960,969616161612125252FFFFFFFFFFFFFF,False,,
0x3C82D6,3965654,wwf.5,0xC82D6,153,1.175040,98981858585454FFFFFFFFFFFFFFFFFF,True,3404,152
0x3C907C,3969148,wwf.5,0xC907C,92,0.706560,98981858585454FFFFFFFFFFFFFFFFFF,True,3336,14C
0x3C9922,3971362,wwf.5,0xC9922,171,1.313280,98981858585454FFFFFFFFFFFFFFFFFF,True,3512,139
0x3CA6E2,3974882,wwf.5,0xCA6E2,135,1.036800,98981858585454FFFFFFFFFFFFFFFFFF,True,3368,13F
0x3CB39A,3978138,wwf.5,0xCB39A,98,0.752640,98981858585454FFFFFFFFFFFFFFFFFF,True,3260 3292,10F 16D
0x3CBB8E,3980174,wwf.5,0xCBB8E,53,0.407040,98981858585454FFFFFFFFFFFFFFFFFF,True,3236 3268,109 167
0x3CC014,3981332,wwf.5,0xCC014,115,0.883200,98981858585454FFFFFFFFFFFFFFFFFF,True,3240 3272,10A 168
0x3CCA88,3984008,wwf.5,0xCCA88,491,3.770880,9A9A1A5A5A5656FFFFFFFFFFFFFFFFFF,False,,
0x3D0286,3998342,wwf.5,0xD0286,114,0.875520,98981858585454FFFFFFFFFFFFFFFFFF,True,3860,19C
0x3D0CE6,4000998,wwf.5,0xD0CE6,189,1.451520,98981858585454FFFFFFFFFFFFFFFFFF,True,3752,181
0x3D1E52,4005458,wwf.5,0xD1E52,165,1.267200,98981858585454FFFFFFFFFFFFFFFFFF,True,3268 3272 3276 3280 3284 3288 3292 3296,167 168 169 16A 16B 16C 16D 16E
0x3D2C94,4009108,wwf.5,0xD2C94,40,0.307200,98981858585454FFFFFFFFFFFFFFFFFF,True,3076,0E1
0x3D2FB8,4009912,wwf.5,0xD2FB8,44,0.337920,98981858585454FFFFFFFFFFFFFFFFFF,True,3080,0E2
0x3D3350,4010832,wwf.5,0xD3350,51,0.391680,98981858585454FFFFFFFFFFFFFFFFFF,True,3084,0E3
0x3D3724,4011812,wwf.5,0xD3724,54,0.414720,98981858585454FFFFFFFFFFFFFFFFFF,True,3088,0E4
0x3D3B60,4012896,wwf.5,0xD3B60,173,1.328640,98981858585454FFFFFFFFFFFFFFFFFF,True,3564,13C
0x3D4AFE,4016894,wwf.5,0xD4AFE,158,1.213440,98981858585454FFFFFFFFFFFFFFFFFF,True,3988,1BC
0x3D5A24,4020772,wwf.5,0xD5A24,66,0.506880,98981858585454FFFFFFFFFFFFFFFFFF,True,3808,18F
0x3D609E,4022430,wwf.5,0xD609E,60,0.460800,98981858585454FFFFFFFFFFFFFFFFFF,True,3196,0FF
0x3D65C2,4023746,wwf.5,0xD65C2,62,0.476160,98981858585454FFFFFFFFFFFFFFFFFF,True,3204,101
0x3D6B76,4025206,wwf.5,0xD6B76,58,0.445440,98981858585454FFFFFFFFFFFFFFFFFF,True,3208,102
0x3D70B0,4026544,wwf.5,0xD70B0,164,1.259520,98981858585454FFFFFFFFFFFFFFFFFF,True,3236 3240 3244 3248 3252 3256 3260 3264,109 10A 10B 10C 10D 10E 10F 110
0x3D7FB0,4030384,wwf.5,0xD7FB0,308,2.365440,98981858585454FFFFFFFFFFFFFFFFFF,True,3892,1A4
0x3D9B52,4037458,wwf.5,0xD9B52,99,0.760320,98981858585454FFFFFFFFFFFFFFFFFF,True,3864,19D
0x3DA50C,4039948,wwf.5,0xDA50C,259,1.989120,98981858585454FFFFFFFFFFFFFFFFFF,True,3728,17B
0x3DBD66,4046182,wwf.5,0xDBD66,51,0.391680,98981858585454FFFFFFFFFFFFFFFFFF,True,3180,0FB
0x3DC1F8,4047352,wwf.5,0xDC1F8,47,0.360960,98981858585454FFFFFFFFFFFFFFFFFF,True,3184,0FC
0x3DC688,4048520,wwf.5,0xDC688,49,0.376320,98981858585454FFFFFFFFFFFFFFFFFF,True,3188,0FD
0x3DCB58,4049752,wwf.5,0xDCB58,148,1.136640,98981858585454FFFFFFFFFFFFFFFFFF,True,3556,143
0x3DD6BE,4052670,wwf.5,0xDD6BE,224,1.720320,98981858585454FFFFFFFFFFFFFFFFFF,True,3748,180
0x3DEB6A,4057962,wwf.5,0xDEB6A,115,0.883200,98981858585454FFFFFFFFFFFFFFFFFF,True,3412 3444,111 119
0x3DF4BC,4060348,wwf.5,0xDF4BC,82,0.629760,98981858585454FFFFFFFFFFFFFFFFFF,True,3584,15A
0x3DFBA8,4062120,wwf.5,0xDFBA8,115,0.883200,98981858585454FFFFFFFFFFFFFFFFFF,True,3416 3448,112 11A
0x3E06BC,4064956,wwf.5,0xE06BC,166,1.274880,98981858585454FFFFFFFFFFFFFFFFFF,True,3436 3468 3500 3664,117 11F 127 131
0x3E14D2,4068562,wwf.5,0xE14D2,149,1.144320,98981858585454FFFFFFFFFFFFFFFFFF,True,3608,160
0x3E2320,4072224,wwf.5,0xE2320,118,0.906240,98981858585454FFFFFFFFFFFFFFFFFF,True,3536,153
0x3E2DE6,4074982,wwf.5,0xE2DE6,113,0.867840,98981858585454FFFFFFFFFFFFFFFFFF,True,3544,155
0x3E386A,4077674,wwf.5,0xE386A,58,0.445440,98981858585454FFFFFFFFFFFFFFFFFF,True,3896,1A5
0x3E3D74,4078964,wwf.5,0xE3D74,131,1.006080,98981858585454FFFFFFFFFFFFFFFFFF,True,3588,15B
0x3E4868,4081768,wwf.5,0xE4868,131,1.006080,98981858585454FFFFFFFFFFFFFFFFFF,True,3604,15F
0x3E5374,4084596,wwf.5,0xE5374,114,0.875520,98981858585454FFFFFFFFFFFFFFFFFF,True,3140,0F1
0x3E5DF8,4087288,wwf.5,0xE5DF8,160,1.228800,98981858585454FFFFFFFFFFFFFFFFFF,True,3352,14E
0x3E6DA0,4091296,wwf.5,0xE6DA0,268,2.058240,98981858585454FFFFFFFFFFFFFFFFFF,True,3736,17D
0x3E8684,4097668,wwf.5,0xE8684,139,1.067520,9A9A1A16165656FFFFFFFFFFFFFFFFFF,True,588,0D3
0x3E9604,4101636,wwf.5,0xE9604,59,0.453120,98981858585454FFFFFFFFFFFFFFFFFF,True,3108,0E9
0x3E9B28,4102952,wwf.5,0xE9B28,70,0.537600,98981858585454FFFFFFFFFFFFFFFFFF,True,3116,0EB
0x3EA1BC,4104636,wwf.5,0xEA1BC,164,1.259520,98981858585454FFFFFFFFFFFFFFFFFF,True,3876,1A0
0x3EB110,4108560,wwf.5,0xEB110,60,0.460800,98981858585454FFFFFFFFFFFFFFFFFF,True,3092,0E5
0x3EB628,4109864,wwf.5,0xEB628,59,0.453120,98981858585454FFFFFFFFFFFFFFFFFF,True,3096,0E6
0x3EBB7E,4111230,wwf.5,0xEBB7E,72,0.552960,98981858585454FFFFFFFFFFFFFFFFFF,True,3104,0E8
0x3EC1C4,4112836,wwf.5,0xEC1C4,86,0.660480,98981858585454FFFFFFFFFFFFFFFFFF,True,3152,0F4
0x3EC9A6,4114854,wwf.5,0xEC9A6,85,0.652800,98981858585454FFFFFFFFFFFFFFFFFF,True,3156,0F5
0x3ED16E,4116846,wwf.5,0xED16E,112,0.860160,98981858585454FFFFFFFFFFFFFFFFFF,True,3532,13B
0x3EDB56,4119382,wwf.5,0xEDB56,323,2.480640,98981858585454FFFFFFFFFFFFFFFFFF,True,3144,0F2
0x3EF79E,4126622,wwf.5,0xEF79E,93,0.714240,98981858585454FFFFFFFFFFFFFFFFFF,True,3764,184
0x3F00A4,4128932,wwf.5,0xF00A4,238,1.827840,98981858585454FFFFFFFFFFFFFFFFFF,True,3744,17F
0x3F14FC,4134140,wwf.5,0xF14FC,183,1.405440,98981858585454FFFFFFFFFFFFFFFFFF,True,3444 3448 3452 3456 3460 3464 3468 3472,119 11A 11B 11C 11D 11E 11F 120
0x3F266C,4138604,wwf.5,0xF266C,67,0.514560,98981858585454FFFFFFFFFFFFFFFFFF,True,3476 3480 3484 3488 3492 3496 3500 3504,121 122 123 124 125 126 127 128
0x3F2C24,4140068,wwf.5,0xF2C24,104,0.798720,98981858585454FFFFFFFFFFFFFFFFFF,True,3484 3648,123 12D
0x3F35A6,4142502,wwf.5,0xF35A6,266,2.042880,98981858585454FFFFFFFFFFFFFFFFFF,True,3724,17A
0x3F4DFA,4148730,wwf.5,0xF4DFA,49,0.376320,98981858585454FFFFFFFFFFFFFFFFFF,True,3780 3788,188 18A
0x3F5192,4149650,wwf.5,0xF5192,66,0.506880,98981858585454FFFFFFFFFFFFFFFFFF,True,3852,19A
0x3F56E6,4151014,wwf.5,0xF56E6,166,1.274880,98981858585454FFFFFFFFFFFFFFFFFF,True,3684,170
0x3F653C,4154684,wwf.5,0xF653C,66,0.506880,98981858585454FFFFFFFFFFFFFFFFFF,True,3224,106
0x3F6B9E,4156318,wwf.5,0xF6B9E,279,2.142720,909010101050504C4C4C4C4C4CFFFFFF,True,1472,0BC
0x3F9CB4,4168884,wwf.5,0xF9CB4,198,1.520640,909010101050504C4C4C4C4C4CFFFFFF,True,1484,0B9
0x3FC2C2,4178626,wwf.5,0xFC2C2,404,3.102720,9A9A1A5A5A5656FFFFFFFFFFFFFFFFFF,False,,
