command,pointer,valid,type,channel,triple_sound_indices,direct_source_reference
11,0x008F87,True,1,0,,wmania_tune segment A
13,0x008E32,True,2,0,,wmania_tune segment C
14,0xFFFFFF,False,,,,wmania_tune segment B
128,0x0094CA,True,1,1,001,
132,0x009542,True,1,1,002,
136,0x0095BA,True,1,1,004,
140,0x009602,True,1,1,005,
144,0x00967A,True,1,1,006,
148,0x0096F2,True,1,1,007,
152,0x00973A,True,1,1,008,
156,0x009782,True,1,1,009,
160,0x0097FA,True,1,1,04E,
164,0x0097FA,True,1,1,04F,
168,0x009842,True,1,1,00E,
172,0x0098BA,True,1,1,00F,
176,0x009932,True,1,1,010 035 040,
180,0x0099AA,True,1,1,011,
184,0x009A22,True,1,1,012,
188,0x009A9A,True,1,1,013,
192,0x009A9A,True,1,1,014,
196,0x009B12,True,1,1,015,
200,0x009B8A,True,1,1,016,
204,0x009C02,True,1,1,017,
208,0x009C7A,True,1,1,018 0DD,
212,0x009CF2,True,1,1,019,
216,0x009D6A,True,1,1,01A,
220,0x009DE2,True,1,1,01B 034,
224,0x009E5A,True,1,1,01C,
228,0x009ED2,True,1,1,01D,
232,0x009FDA,True,1,1,01E 0A8,
236,0x00A022,True,1,1,01F 033,
240,0x00A202,True,1,1,020,
244,0x00A09A,True,1,1,021 0CB,
248,0x00A112,True,1,1,022 0CC,
252,0x00A24A,True,1,1,023,
256,0x00A24A,True,1,1,024,
260,0x00A18A,True,1,1,025 037,
264,0xFFFFFF,False,,,026,
268,0x00A202,True,1,1,027,
272,0x00A202,True,1,1,028,
276,0x00A24A,True,1,1,029,
280,0xFFFFFF,False,,,02A,
284,0xFFFFFF,False,,,02B,
288,0x00A292,True,1,1,02C,
292,0x00A2DA,True,1,1,02D,
296,0x00A292,True,1,1,02E,
300,0x00A2DA,True,1,1,02F,
304,0xFFFFFF,False,,,030,
308,0xFFFFFF,False,,,031,
312,0x00A322,True,1,1,032,
316,0x00A36A,True,1,1,0C0,
320,0x00A3E2,True,1,1,0C2,
324,0x00A45A,True,1,1,0CD,
328,0x00A4D2,True,1,1,0B1,
335,0xFFFFFF,False,,,0B3,
344,0x00A51A,True,1,1,0B4,
348,0x00A592,True,1,1,0AC,
352,0x00A60A,True,1,1,0B2,
360,0x00A682,True,1,1,0AA,
368,0x00A772,True,1,1,0AD,
376,0x00A832,True,1,1,0B6,
380,0x00A6FA,True,1,1,0BE,
408,0x00A87A,True,1,1,03D,
412,0x00A8F2,True,1,1,00B,
416,0x00A96A,True,1,1,00C,
424,0x00AA5A,True,1,1,00D,
428,0x00AAD2,True,1,1,046,
432,0x00AB1A,True,1,1,047,
434,0x00AB3E,True,1,3,0B5,
460,0x00ABDA,True,1,1,00A,
464,0x00AC22,True,1,1,098,
468,0x00938C,True,1,1,0D7,
472,0x00938C,True,1,1,0D8,
476,0x00938C,True,1,1,0D9,
480,0x00AD2A,True,1,1,0DA,
484,0x00938C,True,1,1,0DB,
488,0x00938C,True,1,1,0DC,
524,0x00AE02,True,1,1,050,
528,0xFFFFFF,False,,,051,
536,0xFFFFFF,False,,,053,
540,0xFFFFFF,False,,,054,
544,0x00AE4A,True,1,1,055,
548,0x00AE4A,True,1,1,056,
552,0x00AE92,True,1,1,057,
556,0x00AE92,True,1,1,058,
560,0x00AEDA,True,1,1,059,
564,0x019646,True,1,1,282,
568,0x00AF22,True,1,1,283,
572,0x00AF6A,True,1,1,284,
576,0x00AFB2,True,1,1,285,
580,0x00AFFA,True,1,1,286,
584,0x00B042,True,1,1,287,
588,0x00B08A,True,1,1,0D3,
592,0x00B0D2,True,1,1,0D4,
596,0x00B11A,True,1,1,0D5,
600,0x00B162,True,1,1,0D6,
640,0xFFFFFF,False,,,060,
644,0x00B1AA,True,1,1,061,
648,0x00B212,True,1,1,062,
652,0x00B25A,True,1,1,063,
656,0xFFFFFF,False,,,064,
768,0x00B2A2,True,1,1,05A,
772,0x00B2EA,True,1,1,05B,
789,0xFFFFFF,False,,,0B0,
900,0x00B352,True,1,1,066,
904,0x00B39A,True,1,1,042 067,
908,0x00B39A,True,1,1,068,
912,0x00B402,True,1,1,069,
916,0x00B44A,True,1,1,06A,
920,0x00B492,True,1,1,06B,
932,0x00B4DA,True,1,1,06E,
936,0x00B522,True,1,1,06F,
994,0x00B629,True,1,1,,stop channel 1
995,0x00B62E,True,1,2,,stop channel 2
996,0x00B633,True,1,3,,stop channel 3
997,0x00B638,True,1,4,,stop channel 4
1045,0x00B6EE,True,1,2,085,
1048,0xFFFFFF,False,,,086,
1051,0xFFFFFF,False,,,087,
1054,0xFFFFFF,False,,,088,
1057,0x00B6EE,True,1,2,089,
1060,0x00B724,True,1,1,08A,
1063,0x00B75A,True,1,4,08B,
1066,0xFFFFFF,False,,,08C,
1069,0xFFFFFF,False,,,08D,
1072,0xFFFFFF,False,,,08E,
1075,0xFFFFFF,False,,,08F 090,
1078,0xFFFFFF,False,,,091,
1081,0x00B77E,True,1,2,092,
1084,0x00B76C,True,1,1,093,
1087,0x00B7A2,True,1,4,094,
1116,0x00B7B4,True,1,1,071,
1120,0x00B82C,True,1,1,072,
1124,0x00B8A4,True,1,1,073,
1128,0x00B8A4,True,1,1,074,
1132,0xFFFFFF,False,,,075,
1148,0x00B91C,True,1,1,079,
1160,0x00B964,True,1,1,07C,
1180,0x00BA54,True,1,1,0CE,
1184,0x00BACC,True,1,1,0CF,
1188,0x00BB14,True,1,1,0D0,
1192,0x00BB8C,True,1,1,0D1,
1196,0x00BC04,True,1,1,082,
1208,0x00BC94,True,1,1,0D2,
1220,0x00BE5C,True,1,1,0AE,
1224,0x00BED4,True,1,1,0AF,
1228,0x00BF4C,True,1,1,099,
1232,0x00BFC4,True,1,1,09A,
1236,0x00C03C,True,1,1,041 0AB,
1240,0x00C0B4,True,1,1,09C,
1244,0x00C12C,True,1,1,09D,
1248,0x00C1A4,True,1,1,09E,
1252,0x00C21C,True,1,1,09F,
1256,0x00C12C,True,1,1,0A0,
1260,0x00C1A4,True,1,1,0A1,
1264,0x00938C,True,1,1,0A2,
1268,0x00C294,True,1,1,0A3,
1280,0x00C30C,True,1,1,076 0BF,
1284,0x00C384,True,1,1,03C,
1288,0x00C3CC,True,1,1,077 0A5 0C1,
1296,0x00C444,True,1,1,078 0C3,
1304,0x00C4BC,True,1,1,0C5,
1364,0xFFFFFF,False,,,0B7,
1368,0xFFFFFF,False,,,0B8,
1376,0x00C534,True,1,1,048,
1436,0x00C5AC,True,1,1,043,
1440,0xFFFFFF,False,,,044,
1444,0x00C624,True,1,1,045,
1448,0x00C69C,True,1,1,03E,
1452,0x00C714,True,1,1,03F,
1456,0x00C75C,True,1,1,0C7,
1460,0x00C7A4,True,1,1,0C8,
1472,0x00C7EC,True,1,1,0BC,
1476,0x00C834,True,1,1,0BD,
1480,0x00C87C,True,1,1,003,
1484,0x00C8C4,True,1,1,0B9,
1488,0x00C90C,True,1,1,0BA,
1492,0x00C954,True,1,1,09B,
1512,0x00CA5C,True,1,1,049,
1516,0x00CAA4,True,1,1,0C4,
1520,0x00CAEC,True,1,1,0BB,
1528,0xFFFFFF,False,,,07D,
1536,0xFFFFFF,False,,,07E,
1544,0xFFFFFF,False,,,07F,
1552,0xFFFFFF,False,,,080,
1556,0x00CB34,True,1,1,04A,
1560,0x00CB7C,True,1,1,04B,
1564,0x00CBC4,True,1,1,04C,
1568,0x00CC0C,True,1,1,04D,
1576,0x00CCCC,True,1,1,0A9,
1580,0x00CD14,True,1,1,0C6,
1600,0x00CD8C,True,1,1,290,
1604,0x00CDD4,True,1,1,291,
1608,0x00CE1C,True,1,1,292,
1612,0x00CE64,True,1,1,293,
1616,0x00CEAC,True,1,1,039 294,
1620,0x00D164,True,1,1,295,
1624,0x00D1AC,True,1,1,296,
1628,0x00D1F4,True,1,1,297,
1632,0x00D25C,True,1,1,298,
1636,0x00D2C4,True,1,1,299,
2560,0x00D47B,True,1,1,1FB,
2564,0x00D4C3,True,1,1,1FC,
2568,0x00D50B,True,1,1,1FD,
2572,0x00D553,True,1,1,1FF,
2576,0x00D59B,True,1,1,1FE,
3072,0x00D5E3,True,1,1,0E0,
3076,0x00D65B,True,1,1,0E1,
3080,0x00D6D3,True,1,1,0E2,
3084,0x00D74B,True,1,1,0E3,
3088,0x00D7C3,True,1,1,0E4,
3092,0x00D83B,True,1,1,0E5,
3096,0x00D8B3,True,1,1,0E6,
3100,0x00D92B,True,1,1,0E7,
3104,0x00D9A3,True,1,1,0E8,
3108,0x00DA1B,True,1,1,0E9,
3112,0x00DA93,True,1,1,0EA,
3116,0x00DB0B,True,1,1,0EB,
3120,0x00DB83,True,1,1,0EC,
3124,0x00DBFB,True,1,1,0ED,
3128,0x00DC73,True,1,1,0EE,
3132,0x00DCEB,True,1,1,0EF,
3136,0x00DD63,True,1,1,0F0,
3140,0x00DDDB,True,1,1,0F1,
3144,0x00DE53,True,1,1,0F2,
3148,0x00DEEB,True,1,1,0F3,
3152,0x00DF63,True,1,1,0F4,
3156,0x00DFDB,True,1,1,0F5,
3160,0x00E053,True,1,1,0F6,
3164,0x00E0CB,True,1,1,0F7,
3168,0x00E143,True,1,1,0F8,
3172,0x00E1BB,True,1,1,0F9,
3176,0x00E233,True,1,1,0FA,
3180,0x00E2AB,True,1,1,0FB,
3184,0x00E323,True,1,1,0FC,
3188,0x00E39B,True,1,1,0FD,
3192,0x00E413,True,1,1,0FE,
3196,0x00E48B,True,1,1,0FF,
3200,0x00E503,True,1,1,100,
3204,0x00E57B,True,1,1,101,
3208,0x00E5F3,True,1,1,102,
3212,0x00E66B,True,1,1,103,
3216,0x00E6E3,True,1,1,104,
3220,0x00E75B,True,1,1,105,
3224,0x00E7D3,True,1,1,106,
3228,0x00E84B,True,1,1,107 134,
3232,0x00E8C3,True,1,1,108 135,
3236,0x00E93B,True,1,1,109,
3240,0x00E9D3,True,1,1,10A,
3244,0x00EA6B,True,1,1,10B,
3248,0x00EB03,True,1,1,10C,
3252,0x00EB9B,True,1,1,10D,
3256,0x00EC33,True,1,1,10E,
3260,0x00ECCB,True,1,1,10F,
3264,0x00ED63,True,1,1,110,
3268,0x00EDFB,True,1,1,167,
3272,0x00EE93,True,1,1,168,
3276,0x00EF2B,True,1,1,169,
3280,0x00EFC3,True,1,1,16A,
3284,0x00F05B,True,1,1,16B,
3288,0x00F0F3,True,1,1,16C,
3292,0x00F18B,True,1,1,16D,
3296,0x00F223,True,1,1,16E,
3300,0x00F2BB,True,1,1,13D,
3308,0x00F3AB,True,1,1,158,
3312,0x00F423,True,1,1,157,
3316,0x00F49B,True,1,1,148,
3320,0x00F513,True,1,1,149,
3324,0x00F58B,True,1,1,14A,
3328,0x00F603,True,1,1,13E,
3332,0x00F67B,True,1,1,14B,
3336,0x00F6F3,True,1,1,14C,
3340,0xFFFFFF,False,,,14D,
3352,0x00F76B,True,1,1,14E,
3356,0x00F7E3,True,1,1,12A,
3360,0x00F85B,True,1,1,129,
3364,0x00F8D3,True,1,1,14F,
3368,0x00F94B,True,1,1,13F,
3372,0x00F9C3,True,1,1,150,
3376,0x00F9C3,True,1,1,151,
3380,0xFFFFFF,False,,,140,
3384,0x00FA3B,True,1,1,141,
3388,0x00FA3B,True,1,1,142,
3392,0x00FAB3,True,1,1,147,
3396,0x00FAB3,True,1,1,145,
3400,0x00FB2B,True,1,1,146,
3404,0x00FBA3,True,1,1,152,
3412,0x00FC1B,True,1,1,111,
3416,0x00FCB3,True,1,1,112,
3420,0x00FD4B,True,1,1,113,
3424,0x00FDE3,True,1,1,114,
3428,0x00FE7B,True,1,1,115,
3432,0x00FF13,True,1,1,116,
3436,0x00FFAB,True,1,1,117,
3440,0x010043,True,1,1,118,
3444,0x0100DB,True,1,1,119,
3448,0x010173,True,1,1,11A,
3452,0x01020B,True,1,1,11B,
3456,0x0102A3,True,1,1,11C,
3460,0x01033B,True,1,1,11D,
3464,0x0103D3,True,1,1,11E,
3468,0x01046B,True,1,1,11F,
3472,0x010503,True,1,1,120,
3476,0x01059B,True,1,1,121,
3480,0x010633,True,1,1,122,
3484,0x0106CB,True,1,1,123,
3488,0x010763,True,1,1,124,
3492,0x0107FB,True,1,1,125,
3496,0x010893,True,1,1,126,
3500,0x01092B,True,1,1,127,
3504,0x0109C3,True,1,1,128,
3508,0x010A5B,True,1,1,138,
3512,0x010AD3,True,1,1,139,
3516,0x010B4B,True,1,1,13A,
3528,0xFFFFFF,False,,,137,
3532,0x010BC3,True,1,1,13B,
3536,0x010C3B,True,1,1,153,
3540,0x010CB3,True,1,1,154,
3544,0x010D2B,True,1,1,155,
3548,0x010DA3,True,1,1,156,
3556,0x010E93,True,1,1,143,
3564,0x010F0B,True,1,1,13C,
3568,0x010F83,True,1,1,144,
3580,0x010FFB,True,1,1,159,
3584,0x011073,True,1,1,15A,
3588,0x0110EB,True,1,1,15B,
3592,0x011163,True,1,1,15C,
3600,0x0111DB,True,1,1,15E,
3604,0x011253,True,1,1,15F,
3608,0x0112CB,True,1,1,160,
3612,0x011343,True,1,1,161,
3616,0x0113BB,True,1,1,162,
3624,0x011433,True,1,1,164,
3628,0x0114AB,True,1,1,136,
3632,0x011523,True,1,1,165,
3636,0x01159B,True,1,1,166,
3640,0x011613,True,1,1,12B,
3644,0x01168B,True,1,1,12C,
3648,0x011703,True,1,1,12D,
3652,0x01177B,True,1,1,12E,
3656,0x0117F3,True,1,1,12F,
3660,0x01186B,True,1,1,130,
3664,0x0118E3,True,1,1,131,
3668,0x01195B,True,1,1,132,
3672,0x0119D3,True,1,1,133,
3680,0x011AC3,True,1,1,16F,
3684,0x011B3B,True,1,1,170,
3688,0x011BB3,True,1,1,171,
3692,0xFFFFFF,False,,,172,
3696,0xFFFFFF,False,,,173,
3700,0xFFFFFF,False,,,174,
3704,0xFFFFFF,False,,,175,
3708,0xFFFFFF,False,,,176,
3712,0xFFFFFF,False,,,177,
3716,0xFFFFFF,False,,,178,
3720,0xFFFFFF,False,,,179,
3724,0x011C2B,True,1,1,17A,
3728,0x011CA3,True,1,1,17B,
3736,0x011D1B,True,1,1,17D,
3740,0x011D93,True,1,1,17E,
3744,0x011E0B,True,1,1,17F,
3748,0x011E83,True,1,1,180,
3752,0x011EFB,True,1,1,181,
3756,0x011F73,True,1,1,182,
3760,0x011FEB,True,1,1,183,
3764,0x012063,True,1,1,184,
3768,0x0120DB,True,1,1,185,
3776,0x012153,True,1,1,187,
3780,0x0121CB,True,1,1,188,
3788,0x012263,True,1,1,18A,
3792,0x0122FB,True,1,1,18B,
3796,0x012373,True,1,1,18C,
3800,0x0123EB,True,1,1,18D,
3804,0xFFFFFF,False,,,18E,
3808,0x012483,True,1,1,18F,
3844,0x0124FB,True,1,1,198,
3852,0x012573,True,1,1,19A,
3856,0x0125EB,True,1,1,19B,
3860,0x012663,True,1,1,19C,
3864,0x0126DB,True,1,1,19D,
3868,0x012753,True,1,1,19E,
3872,0x0127CB,True,1,1,19F,
3876,0x012843,True,1,1,1A0,
3880,0x0128BB,True,1,1,1A1,
3884,0x012933,True,1,1,1A2,
3888,0x0129AB,True,1,1,1A3,
3892,0x012A23,True,1,1,1A4,
3896,0x012A9B,True,1,1,1A5,
3900,0x012B13,True,1,1,1A6,
3904,0x012B8B,True,1,1,1A7,
3908,0x012C03,True,1,1,1A8,
3916,0x012C7B,True,1,1,1AA,
3924,0x012CF3,True,1,1,1AC,
3928,0x012D6B,True,1,1,1AD,
3932,0x012DE3,True,1,1,1AE,
3980,0x012E5B,True,1,1,1BA,
3984,0x012ED3,True,1,1,1BB,
3988,0x012F4B,True,1,1,1BC,
3992,0x012FC3,True,1,1,190,
3996,0x01303B,True,1,1,191,
4000,0x0130B3,True,1,1,192,
4500,0x01312B,True,1,1,200,
4504,0x0131A3,True,1,1,201,
4508,0x01321B,True,1,1,202,
4512,0x013293,True,1,1,203,
4516,0x013293,True,1,1,204,
4520,0x013293,True,1,1,205,
4524,0x01330B,True,1,1,206,
4528,0x01330B,True,1,1,234,
4532,0x013353,True,1,1,235,
4536,0x01339B,True,1,1,207,
4540,0x0133E3,True,1,1,208,
4544,0xFFFFFF,False,,,209,
4548,0x01342B,True,1,1,20A,
4552,0x01342B,True,1,1,20B,
4556,0x0134A3,True,1,1,20C,
4560,0x01351B,True,1,1,20D,
4564,0x013593,True,1,1,20E,
4568,0x01360B,True,1,1,20F,
4572,0x013653,True,1,1,210,
4576,0x01369B,True,1,1,211,
4580,0x0136E3,True,1,1,212,
4584,0x0136E3,True,1,1,213,
4588,0xFFFFFF,False,,,214,
4592,0x01372B,True,1,1,215,
4596,0x013773,True,1,1,216,
4600,0x0137BB,True,1,1,217,
4604,0x013803,True,1,1,218,
4608,0x01384B,True,1,1,219,
4612,0x0139E3,True,1,1,21A,
4616,0x013AFE,True,1,1,21B,
4620,0x013B46,True,1,1,21C,
4624,0x013B8E,True,1,1,21D,
4628,0x013BD6,True,1,1,21E,
4632,0x013C1E,True,1,1,21F,
4636,0x013C66,True,1,1,220,
4640,0x013C66,True,1,1,221,
4644,0x013CAE,True,1,1,222,
4648,0x013CF6,True,1,1,223,
4652,0x013D3E,True,1,1,224,
4656,0x013D3E,True,1,1,225,
4660,0x013D3E,True,1,1,226,
4664,0x013D3E,True,1,1,227,
4668,0x013D3E,True,1,1,228,
4672,0x013D86,True,1,1,229,
4676,0x013D86,True,1,1,22A,
4680,0x013DCE,True,1,1,22B,
4684,0x013E46,True,1,1,22C,
4688,0x013EBE,True,1,1,22D,
4692,0x013F36,True,1,1,22E,
4696,0x013FAE,True,1,1,22F,
4700,0x014026,True,1,1,230,
4704,0x014026,True,1,1,231,
4708,0x01409E,True,1,1,232,
4712,0x014116,True,1,1,233,
4800,0x01418E,True,1,1,236,
4804,0x0141D6,True,1,1,237,
4808,0x01421E,True,1,1,238,
4812,0x014266,True,1,1,239,
4816,0x0142AE,True,1,1,23A,
4820,0x0142F6,True,1,1,23B,
4824,0x01433E,True,1,1,23C,
4828,0x014456,True,1,1,23D,
4832,0x01449E,True,1,1,23E,
4836,0x0144E6,True,1,1,23F,
4840,0x01452E,True,1,1,240,
4844,0x014576,True,1,1,241,
4848,0x0145BE,True,1,1,242,
4852,0x014606,True,1,1,243,
4856,0x01464E,True,1,1,244,
4860,0x014696,True,1,1,245,
4864,0x0146DE,True,1,1,246,
4868,0x014726,True,1,1,247,
4872,0x01476E,True,1,1,248,
4876,0x0147B6,True,1,1,249,
4880,0x0147FE,True,1,1,24A,
4884,0x014846,True,1,1,24B,
4888,0x01488E,True,1,1,24C,
4892,0x0148D6,True,1,1,24D,
4896,0x01491E,True,1,1,24E,
4900,0x014966,True,1,1,24F,
4904,0x0149AE,True,1,1,250,
4908,0x014A26,True,1,1,251,
4912,0x014A9E,True,1,1,252,
4916,0x014B16,True,1,1,253,
4920,0x014B8E,True,1,1,254,
4924,0x014C06,True,1,1,255,
4928,0x014C7E,True,1,1,256,
4932,0x014CF6,True,1,1,257,
4936,0x014D6E,True,1,1,258,
4940,0x014DE6,True,1,1,259,
4944,0x014E5E,True,1,1,25A,
4948,0x014ED6,True,1,1,25B,
4952,0x014F4E,True,1,1,25C,
4956,0x014FC6,True,1,1,25D,
4960,0x01503E,True,1,1,25E,
4964,0x0150B6,True,1,1,25F,
4968,0x01512E,True,1,1,260,
4972,0x0151A6,True,1,1,261,
4976,0x01521E,True,1,1,262,
4980,0x015296,True,1,1,263,
4984,0x01530E,True,1,1,264,
4988,0x015386,True,1,1,265,
4992,0x0153FE,True,1,1,266,
5000,0x015476,True,1,1,267,
5004,0x0154EE,True,1,1,268,
5008,0x015566,True,1,1,269,
5012,0x0155DE,True,1,1,26A,
5016,0x015656,True,1,1,26B,
5020,0x0156CE,True,1,1,26C,
5024,0x015746,True,1,1,26D,
5028,0x0157BE,True,1,1,26E,
5032,0x015836,True,1,1,26F,
5036,0x0158AE,True,1,1,270,
5040,0x015926,True,1,1,271,
5044,0x01599E,True,1,1,272,
5048,0x0159E6,True,1,1,273,
5052,0x015A2E,True,1,1,274,
5056,0x015A76,True,1,1,275,
5060,0x015ABE,True,1,1,276,
5064,0x015B06,True,1,1,277,
5068,0x015B4E,True,1,1,278,
5072,0x015B96,True,1,1,279,
5076,0x015BDE,True,1,1,27A,
5080,0x015C26,True,1,1,27B,
5084,0x015C6E,True,1,1,27C,
5088,0x015CB6,True,1,1,27D,
5092,0x015CFE,True,1,1,27E,
5096,0x015D46,True,1,1,27F,
5100,0x015D8E,True,1,1,280,
5104,0x015DD6,True,1,1,281,
6144,0x015FCE,True,1,1,1F9,
6148,0x016046,True,1,1,1FA,
6156,0x0160BE,True,1,1,1DC,
6164,0x016156,True,1,1,1DB,
6168,0x0161EE,True,1,1,1DD,
6172,0x016286,True,1,1,1DE,
6176,0x01631E,True,1,1,1DF,
6180,0x0163B6,True,1,1,1E0,
6192,0x01644E,True,1,1,1E1,
6196,0x0164E6,True,1,1,1E2,
6200,0x01657E,True,1,1,2B4,
6208,0x016616,True,1,1,2B6,
6212,0x0166AE,True,1,1,2B7,
6216,0x016746,True,1,1,2B8,
6220,0x0167DE,True,1,1,2B9,
6224,0x016876,True,1,1,2BA,
6236,0x01690E,True,1,1,2BB,
6240,0x0169A6,True,1,1,2BE,
6276,0x016A3E,True,1,1,2C7,
6280,0x016AB6,True,1,1,2C8,
6284,0x016B2E,True,1,1,2C9,
6288,0x016BA6,True,1,1,2CA,
6292,0x016C1E,True,1,1,2CB,
6296,0x016C96,True,1,1,2CC,
6300,0x016D0E,True,1,1,2CD,
6304,0x016D86,True,1,1,2CE,
6308,0x016DFE,True,1,1,2CF,
6316,0x016F2E,True,1,1,2D1,
6320,0x016FC6,True,1,1,2D2,
6324,0x01705E,True,1,1,2D3,
6328,0x0170F6,True,1,1,2D4,
6332,0x01718E,True,1,1,2D5,
6336,0x017226,True,1,1,2D6,
6344,0x017356,True,1,1,2D8,
6348,0x0173EE,True,1,1,2D9,
6352,0x017466,True,1,1,2DA,
6356,0x0174FE,True,1,1,2DB,
6360,0x017576,True,1,1,2DC,
6364,0x0175EE,True,1,1,1D1,
6368,0x017666,True,1,1,1D2,
6376,0x017756,True,1,1,2DD,
6380,0x0177CE,True,1,1,1D9,
6384,0x017846,True,1,1,1DA,
6388,0x0178BE,True,1,1,1D8,
6392,0x017936,True,1,1,1E4,
6396,0x0179AE,True,1,1,1E9,
6400,0x017A26,True,1,1,1D0,
6404,0x017A9E,True,1,1,1EB,
6408,0x017B16,True,1,1,1EC,
6412,0x017B8E,True,1,1,2DE,
6424,0x017CF6,True,1,1,2E1,
6428,0x017D6E,True,1,1,2E2,
6432,0x017DE6,True,1,1,2E3,
6436,0x017E5E,True,1,1,1D6,
6440,0x017ED6,True,1,1,2E4,
6444,0x017F4E,True,1,1,1D7,
6448,0x017FC6,True,1,1,1D5,
6452,0x01803E,True,1,1,2E5,
6456,0x0180B6,True,1,1,2E6,
6460,0x01812E,True,1,1,2E7,
6464,0x0181A6,True,1,1,1D3,
6468,0x01821E,True,1,1,1D4,
6472,0x018296,True,1,1,2E8,
6476,0x01830E,True,1,1,1E3,
6480,0x018386,True,1,1,1E5,
6484,0x0183FE,True,1,1,1E6,
6488,0x018476,True,1,1,2E9,
6492,0x0184EE,True,1,1,2EA,
6496,0x018566,True,1,1,2EB,
6500,0x0185DE,True,1,1,1E7,
6504,0x018656,True,1,1,1E8,
6508,0x0186CE,True,1,1,1EA,
6512,0x018746,True,1,1,2EC,
6516,0x0187BE,True,1,1,2ED,
6520,0x018836,True,1,1,2EE,
6528,0x0188AE,True,1,1,2EF,
6532,0x018926,True,1,1,1EE,
6536,0x01899E,True,1,1,1ED,
6540,0x018A16,True,1,1,1EF 2F1,
6544,0x018A8E,True,1,1,2F2,
6548,0x018B06,True,1,1,2F3,
6552,0x018B7E,True,1,1,2F4,
6556,0x018BF6,True,1,1,1F8,
6560,0x018C6E,True,1,1,2F5,
6564,0x018CE6,True,1,1,1F0,
6568,0x018D5E,True,1,1,2F6,
6572,0x018DD6,True,1,1,1F1,
6576,0x018E4E,True,1,1,2F7,
6580,0x018EC6,True,1,1,1F2,
6584,0x018F3E,True,1,1,1F4,
6588,0x018FB6,True,1,1,1F3,
6592,0x01902E,True,1,1,2F8,
6600,0x01911E,True,1,1,1F5,
6604,0x019196,True,1,1,1F6,
6608,0x01920E,True,1,1,2F9,
6612,0x019286,True,1,1,2FA,
6616,0x0192FE,True,1,1,2FB,
6620,0x019376,True,1,1,2FC,
6624,0x0193EE,True,1,1,2FD,
6628,0x019466,True,1,1,2FE,
6632,0x0194DE,True,1,1,2FF,
6636,0x019556,True,1,1,300,
6640,0x0195CE,True,1,1,301,
6644,0x019646,True,1,1,302,
