address,stream_channel,repeat,frames,chip,chip_offset
104126,1,1,220,2,104126
111954,1,1,60,2,111954
117554,1,1,72,2,117554
411718,1,1,138,2,411718
415332,1,1,158,2,415332
425028,1,1,49,2,425028
426934,1,1,57,2,426934
431832,1,1,340,2,431832
695930,0,1,279,2,695930
711838,0,1,72,2,711838
716238,0,1,105,2,716238
722716,1,1,94,2,722716
725574,1,4,14,2,725574
726374,1,1,386,2,726374
739284,1,1,86,2,739284
742804,1,1,30,2,742804
744454,1,1,252,2,744454
757116,1,3,56,2,757116
759988,1,1,35,2,759988
761266,1,1,15,2,761266
761834,1,1,504,2,761834
781716,1,1,167,2,781716
788774,1,1,136,2,788774
795086,1,1,120,2,795086
857000,1,1,505,2,857000
1002762,1,1,53,2,1002762
1006444,1,1,146,2,1006444
1048590,1,1,214,3,14
1055624,1,1,158,3,7048
1059338,1,1,86,3,10762
1061210,1,1,558,3,12634
1086912,1,1,105,3,38336
1089348,1,1,152,3,40772
1093150,1,1,166,3,44574
1097292,1,1,132,3,48716
1100874,1,1,70,3,52298
1102844,1,1,72,3,54268
1104724,1,1,69,3,56148
1106560,1,1,79,3,57984
1108584,1,1,102,3,60008
1111384,1,1,100,3,62808
1113792,1,1,108,3,65216
1149800,1,1,110,3,101224
1166982,1,1,125,3,118406
1191420,2,1,115,3,142844
1194666,1,1,189,3,146090
1204068,1,1,94,3,155492
1206620,1,1,159,3,158044
1210802,1,1,334,3,162226
1218406,1,1,175,3,169830
1223088,1,1,129,3,174512
1226564,1,1,138,3,177988
1230138,1,1,245,3,181562
1236794,1,1,107,3,188218
1239724,1,1,168,3,191148
1244072,1,1,94,3,195496
1246476,1,1,156,3,197900
1256584,1,1,117,3,208008
1259790,1,1,85,3,211214
1261792,1,1,117,3,213216
1264492,1,1,125,3,215916
1267582,1,1,63,3,219006
1269342,1,1,77,3,220766
1271196,1,1,109,3,222620
1273866,1,1,104,3,225290
1276820,1,1,66,3,228244
1278628,1,1,151,3,230052
1282112,1,1,90,3,233536
1284144,1,1,284,3,235568
1290584,1,1,106,3,242008
1293508,1,1,202,3,244932
1298930,1,1,206,3,250354
1305696,1,1,176,3,257120
1315832,1,1,129,3,267256
1560678,1,1,135,3,512102
1569988,1,1,310,3,521412
1576986,1,1,56,3,528410
1579244,1,1,456,3,530668
1590070,1,1,272,3,541494
1598510,1,1,90,3,549934
1600876,1,1,139,3,552300
1604990,1,1,143,3,556414
1609280,1,1,115,3,560704
1612566,1,1,130,3,563990
1616708,1,1,124,3,568132
1620364,1,1,103,3,571788
1622968,1,1,108,3,574392
1626110,1,1,125,3,577534
1632474,1,1,108,3,583898
1635496,1,1,101,3,586920
1638572,1,1,333,3,589996
1648650,1,1,157,3,600074
1653668,1,1,165,3,605092
1658710,1,1,111,3,610134
1661642,1,1,126,3,613066
1665390,1,1,140,3,616814
1668908,1,1,91,3,620332
1671350,1,1,157,3,622774
1675712,1,1,154,3,627136
1680004,1,1,213,3,631428
1686348,1,1,137,3,637772
1690112,1,1,121,3,641536
1693882,1,1,121,3,645306
1697332,1,1,127,3,648756
1700556,1,1,134,3,651980
1704052,1,1,147,3,655476
1708478,1,1,113,3,659902
1711454,1,1,124,3,662878
1714786,1,1,250,3,666210
1722710,1,1,126,3,674134
1725820,1,1,175,3,677244
1730024,1,1,129,3,681448
1733770,1,1,178,3,685194
1739040,1,1,115,3,690464
1742154,1,1,231,3,693578
1751808,1,1,159,3,703232
1755790,1,1,94,3,707214
1758232,1,1,284,3,709656
1765770,1,1,378,3,717194
1776956,1,1,207,3,728380
1787758,1,1,100,3,739182
1812428,1,1,213,3,763852
1819216,1,1,224,3,770640
1823312,1,1,95,3,774736
1825500,1,1,315,3,776924
1874724,1,1,337,3,826148
1887208,1,1,146,3,838632
1894094,1,1,172,3,845518
1901852,1,1,73,3,853276
1903582,1,1,204,3,855006
1908710,1,1,294,3,860134
1915704,1,1,132,3,867128
1918902,1,1,115,3,870326
1921662,1,1,152,3,873086
1925352,1,1,303,3,876776
1932286,1,1,321,3,883710
1939692,1,1,102,3,891116
1942060,1,1,593,3,893484
1954886,1,1,323,3,906310
1962560,1,1,131,3,913984
1965532,1,1,294,3,916956
1972238,1,1,219,3,923662
1977332,1,1,122,3,928756
1980024,1,1,225,3,931448
1985130,1,1,113,3,936554
1987704,1,1,180,3,939128
1991872,1,1,153,3,943296
1995638,1,1,249,3,947062
2001226,1,1,217,3,952650
2006150,1,1,229,3,957574
2011408,1,1,255,3,962832
2018290,1,1,71,3,969714
2020112,1,1,100,3,971536
2022374,1,1,209,3,973798
2026788,1,1,151,3,978212
2030156,1,1,190,3,981580
2034768,1,1,78,3,986192
2036534,1,1,120,3,987958
2039254,1,1,139,3,990678
2042354,1,1,126,3,993778
2045220,1,1,191,3,996644
2049418,1,1,414,3,1000842
2059080,1,1,110,3,1010504
2061412,1,1,130,3,1012836
2064044,1,1,139,3,1015468
2067336,1,1,157,3,1018760
2070780,1,1,199,3,1022204
2075402,1,1,65,3,1026826
2077102,1,1,298,3,1028526
2097166,1,2,129,4,14
2099704,1,1,117,4,2552
2108732,1,1,246,4,11580
2114052,1,1,350,4,16900
2199550,1,1,117,4,102398
2201938,1,1,111,4,104786
2204438,1,1,129,4,107286
2208192,1,1,76,4,111040
2210158,1,1,145,4,113006
2212892,1,1,72,4,115740
2214440,1,1,117,4,117288
2217614,1,1,81,4,120462
2219400,1,1,71,4,122248
2221142,1,1,64,4,123990
2222646,1,1,65,4,125494
2224260,1,1,65,4,127108
2225710,1,1,83,4,128558
2227852,1,1,58,4,130700
2229298,1,1,68,4,132146
2230746,1,1,107,4,133594
2233344,1,1,150,4,136192
2237052,1,1,146,4,139900
2240270,1,1,104,4,143118
2243186,1,1,69,4,146034
2244674,1,1,263,4,147522
2251274,1,1,59,4,154122
2256798,1,1,221,4,159646
2272780,1,1,241,4,175628
2301472,1,1,68,4,204320
2303038,1,1,63,4,205886
2304508,1,1,180,4,207356
2309340,1,1,70,4,212188
2311206,1,1,123,4,214054
2314390,1,1,126,4,217238
2317190,1,1,81,4,220038
2319050,1,1,85,4,221898
2321130,1,1,67,4,223978
2322794,1,1,76,4,225642
2324558,1,1,62,4,227406
2326038,1,1,58,4,228886
2327388,1,1,92,4,230236
2329496,1,1,81,4,232344
2331488,1,1,55,4,234336
2332850,1,1,62,4,235698
2334316,1,1,130,4,237164
2337840,1,1,63,4,240688
2339300,1,1,68,4,242148
2340958,1,1,61,4,243806
2342612,1,1,202,4,245460
2347358,1,1,224,4,250206
2353536,1,1,174,4,256384
2368536,1,1,89,4,271384
2372350,1,1,84,4,275198
2376520,1,1,229,4,279368
2475776,1,1,129,4,378624
2484814,1,1,280,4,387662
2491682,1,1,46,4,394530
2493354,1,1,46,4,396202
2495226,1,1,540,4,398074
2508210,2,1,93,4,411058
2510534,1,1,250,4,413382
2517590,1,1,120,4,420438
2521014,1,1,107,4,423862
2524240,1,1,137,4,427088
2528286,1,1,165,4,431134
2532968,1,1,116,4,435816
2536298,1,1,111,4,439146
2539586,1,1,120,4,442434
2542834,1,1,210,4,445682
2548694,1,1,98,4,451542
2551768,1,1,94,4,454616
2557302,1,1,97,4,460150
2564398,1,1,173,4,467246
2569486,1,1,134,4,472334
2572936,1,1,189,4,475784
2578286,1,1,134,4,481134
2581778,1,1,159,4,484626
2592830,1,1,237,4,495678
2599706,1,1,156,4,502554
2604296,1,1,123,4,507144
2607994,1,1,192,4,510842
2612966,1,1,130,4,515814
2616310,1,1,140,4,519158
2620130,1,1,200,4,522978
2625400,1,1,203,4,528248
2630914,1,1,121,4,533762
2634110,1,1,147,4,536958
2638338,1,1,141,4,541186
2641964,1,1,210,4,544812
2647742,1,1,191,4,550590
2653440,1,1,186,4,556288
2658352,1,1,531,4,561200
2673232,1,1,199,4,576080
2703668,1,1,66,4,606516
2705322,1,1,37,4,608170
2706706,1,1,39,4,609554
2708042,1,1,46,4,610890
2709594,1,1,148,4,612442
2713884,1,1,93,4,616732
2715540,1,1,62,4,618388
2717096,1,1,113,4,619944
2719828,1,1,92,4,622676
2722238,1,1,184,4,625086
2728922,1,1,164,4,631770
2733718,1,1,62,4,636566
2735118,1,1,78,4,637966
2832660,1,1,81,4,735508
2834150,1,1,215,4,736998
2837942,1,1,16,4,740790
2838652,1,1,356,4,741500
2846950,1,1,133,4,749798
2850358,1,1,121,4,753206
2853480,1,1,75,4,756328
2855104,1,1,69,4,757952
2856778,1,1,75,4,759626
2858618,1,1,78,4,761466
2860542,1,1,260,4,763390
2866972,1,1,101,4,769820
2869188,1,1,105,4,772036
2871750,1,1,134,4,774598
2875056,1,1,247,4,777904
2880692,1,1,174,4,783540
2884704,1,1,155,4,787552
2893092,1,1,143,4,795940
2896394,1,1,222,4,799242
2906088,1,1,203,4,808936
2910660,1,1,168,4,813508
2918172,1,1,155,4,821020
2921516,1,1,176,4,824364
2925618,1,1,147,4,828466
2929142,1,1,174,4,831990
2933212,1,1,112,4,836060
2935702,1,1,60,4,838550
2937074,1,1,172,4,839922
2941050,1,1,78,4,843898
2943068,1,1,174,4,845916
2946764,1,1,78,4,849612
2948502,1,1,61,4,851350
2950070,1,1,307,4,852918
2957332,1,1,206,4,860180
2961776,1,1,65,4,864624
2963466,1,1,214,4,866314
2968506,1,1,147,4,871354
2971684,1,1,252,4,874532
2977658,1,1,162,4,880506
2981274,1,1,127,4,884122
2988432,1,1,63,4,891280
2989798,1,1,73,4,892646
2991440,1,1,265,4,894288
2997710,1,1,131,4,900558
3000844,1,1,64,4,903692
3002272,1,1,110,4,905120
3004570,1,1,103,4,907418
3007034,1,1,121,4,909882
3009536,1,1,126,4,912384
3012150,1,1,128,4,914998
3014930,1,1,157,4,917778
3018412,1,1,176,4,921260
3022246,1,1,79,4,925094
3024036,1,1,220,4,926884
3028656,1,1,90,4,931504
3030694,1,1,156,4,933542
3034354,1,1,151,4,937202
3037634,1,1,66,4,940482
3039056,1,1,62,4,941904
3040576,1,1,60,4,943424
3042066,1,1,81,4,944914
3049146,1,1,296,4,951994
3145742,1,1,56,5,14
3146968,1,1,54,5,1240
3148164,1,1,382,5,2436
3188012,1,1,183,5,42284
3214200,1,1,145,5,68472
3217736,1,1,86,5,72008
3219958,1,1,85,5,74230
3222144,1,1,48,5,76416
3223350,1,1,45,5,77622
3224446,1,1,54,5,78718
3225628,1,1,57,5,79900
3227122,1,1,51,5,81394
3228340,1,1,98,5,82612
3229854,1,1,62,5,84126
3231186,1,1,46,5,85458
3232218,1,1,48,5,86490
3233446,1,1,96,5,87718
3235604,1,1,125,5,89876
3238492,1,1,99,5,92764
3241176,1,1,78,5,95448
3242876,1,1,66,5,97148
3244752,1,1,92,5,99024
3246594,1,1,34,5,100866
3247900,1,1,41,5,102172
3249028,1,1,94,5,103300
3252352,1,1,94,5,106624
3254946,1,1,266,5,109218
3262364,1,1,52,5,116636
3267010,1,1,42,5,121282
3270658,1,1,167,5,124930
3275462,1,1,213,5,129734
3287790,1,1,241,5,142062
3309310,1,1,166,5,163582
3316206,1,1,113,5,170478
3319186,1,1,111,5,173458
3322018,1,1,122,5,176290
3324948,1,1,39,5,179220
3325694,1,1,40,5,179966
3326496,1,1,48,5,180768
3327416,1,1,94,5,181688
3329768,1,1,48,5,184040
3330978,1,1,60,5,185250
3336714,1,1,293,5,190986
3342894,1,1,143,5,197166
3346592,1,1,103,5,200864
3348892,1,1,148,5,203164
3352870,1,1,94,5,207142
3355364,1,1,126,5,209636
3358228,1,1,39,5,212500
3359194,1,1,104,5,213466
3361358,1,1,43,5,215630
3362316,1,1,36,5,216588
3363160,1,1,49,5,217432
3364318,1,1,40,5,218590
3405198,1,1,164,5,259470
3409032,1,1,102,5,263304
3411480,1,1,111,5,265752
3414460,1,1,77,5,268732
3416316,1,1,60,5,270588
3417802,1,1,51,5,272074
3418914,1,1,70,5,273186
3420350,1,1,42,5,274622
3421114,1,1,76,5,275386
3422970,1,1,216,5,277242
3433308,1,1,29,5,287580
3434164,1,1,78,5,288436
3436040,1,1,131,5,290312
3439586,1,1,65,5,293858
3441180,1,1,66,5,295452
3442674,1,1,49,5,296946
3443864,1,1,134,5,298136
3447278,1,1,35,5,301550
3448146,1,1,43,5,302418
3449366,1,1,58,5,303638
3450718,1,1,32,5,304990
3451556,1,1,38,5,305828
3452498,1,1,169,5,306770
3456814,1,1,32,5,311086
3457500,1,1,40,5,311772
3459006,1,1,33,5,313278
3460310,1,1,31,5,314582
3544410,1,1,26,5,398682
3545386,1,1,50,5,399658
3547192,1,1,45,5,401464
3548480,1,1,446,5,402752
3558966,1,1,117,5,413238
3562474,1,1,154,5,416746
3567114,1,1,100,5,421386
3569600,1,1,64,5,423872
3571586,1,1,131,5,425858
3575514,1,1,117,5,429786
3578744,1,1,86,5,433016
3581050,1,1,122,5,435322
3584782,1,1,132,5,439054
3588756,1,1,135,5,443028
3592936,1,1,137,5,447208
3596880,1,1,101,5,451152
3599880,1,1,144,5,454152
3604040,1,1,35,5,458312
3605032,1,1,95,5,459304
3608010,1,1,68,5,462282
3610056,1,1,243,5,464328
3617244,1,1,219,5,471516
3623380,1,1,118,5,477652
3626946,1,1,159,5,481218
3631426,1,1,124,5,485698
3634826,1,1,168,5,489098
3639662,1,1,178,5,493934
3644612,1,1,235,5,498884
3651136,1,1,120,5,505408
3654152,1,1,110,5,508424
3657068,1,1,126,5,511340
3660788,1,1,179,5,515060
3665132,1,1,120,5,519404
3668136,1,1,152,5,522408
3672316,1,1,189,5,526588
3677678,1,1,144,5,531950
3681886,1,1,220,5,536158
3687924,1,1,271,5,542196
3695702,1,1,173,5,549974
3700654,1,1,155,5,554926
3705256,1,1,34,5,559528
3706422,1,1,31,5,560694
3707586,1,1,35,5,561858
3741484,1,1,35,5,595756
3742626,1,1,29,5,596898
3743834,1,1,42,5,598106
3745022,1,1,38,5,599294
3746336,1,1,30,5,600608
3747308,1,1,32,5,601580
3748298,1,1,125,5,602570
3752684,1,1,26,5,606956
3753210,1,1,34,5,607482
3753910,1,1,170,5,608182
3759424,1,1,42,5,613696
3760432,1,1,179,5,614704
3767264,1,1,197,5,621536
3784588,1,1,56,5,638860
3785924,1,1,69,5,640196
3787676,1,1,192,5,641948
3802828,1,1,69,5,657100
3808920,1,1,85,5,663192
3810120,1,1,148,5,664392
3814096,1,1,38,5,668368
3815054,1,1,55,5,669326
3816374,1,1,52,5,670646
3819064,1,1,62,5,673336
3890526,1,1,56,5,744798
3892176,1,1,55,5,746448
3965654,1,1,153,5,819926
3969148,1,1,92,5,823420
3971362,1,1,171,5,825634
3974882,1,1,135,5,829154
3978138,1,1,98,5,832410
3980174,1,1,53,5,834446
3981332,1,1,115,5,835604
3998342,1,1,114,5,852614
4000998,1,1,189,5,855270
4005458,1,1,165,5,859730
4009108,1,1,40,5,863380
4009912,1,1,44,5,864184
4010832,1,1,51,5,865104
4011812,1,1,54,5,866084
4012896,1,1,173,5,867168
4016894,1,1,158,5,871166
4020772,1,1,66,5,875044
4022430,1,1,60,5,876702
4023746,1,1,62,5,878018
4025206,1,1,58,5,879478
4026544,1,1,164,5,880816
4030384,1,1,308,5,884656
4037458,1,1,99,5,891730
4039948,1,1,259,5,894220
4046182,1,1,51,5,900454
4047352,1,1,47,5,901624
4048520,1,1,49,5,902792
4049752,1,1,148,5,904024
4052670,1,1,224,5,906942
4057962,1,1,115,5,912234
4060348,1,1,82,5,914620
4062120,1,1,115,5,916392
4064956,1,1,166,5,919228
4068562,1,1,149,5,922834
4072224,1,1,118,5,926496
4074982,1,1,113,5,929254
4077674,1,1,58,5,931946
4078964,1,1,131,5,933236
4081768,1,1,131,5,936040
4084596,1,1,114,5,938868
4087288,1,1,160,5,941560
4091296,1,1,268,5,945568
4097668,1,1,139,5,951940
4101636,1,1,59,5,955908
4102952,1,1,70,5,957224
4104636,1,1,164,5,958908
4108560,1,1,60,5,962832
4109864,1,1,59,5,964136
4111230,1,1,72,5,965502
4112836,1,1,86,5,967108
4114854,1,1,85,5,969126
4116846,1,1,112,5,971118
4119382,1,1,323,5,973654
4126622,1,1,93,5,980894
4128932,1,1,238,5,983204
4134140,1,1,183,5,988412
4138604,1,1,67,5,992876
4140068,1,1,104,5,994340
4142502,1,1,266,5,996774
4148730,1,1,49,5,1003002
4149650,1,1,66,5,1003922
4151014,1,1,166,5,1005286
4154684,1,1,66,5,1008956
4156318,1,1,279,5,1010590
4168884,1,1,198,5,1023156
