track_pointer,commands,track_type,track_channel,stream_count,unique_stream_count,stream_addresses_hex,opcode_sequence_hex,simple_single_stream_program
0x008E32,13,2,0,0,0,,,False
0x008F87,11,1,0,6,3,0x0A9E7A 0x0A9E7A 0x0ADC9E 0x0A9E7A 0x0A9E7A 0x0AEDCE,07 0E 05 01 05 01 01 05 01 05 01 01 0F 00,False
0x00938C,468 472 476 484 488 1264,1,1,0,0,,00,False
0x0094CA,128,1,1,1,1,0x34C1DC,07 09 01 0B 00,True
0x009542,132,1,1,1,1,0x34C7BE,07 09 01 0B 00,True
0x0095BA,136,1,1,1,1,0x318A02,07 01 00,True
0x009602,140,1,1,1,1,0x318F1C,07 09 01 0B 00,True
0x00967A,144,1,1,1,1,0x3889A8,07 09 01 0B 00,True
0x0096F2,148,1,1,1,1,0x388E36,07 01 00,True
0x00973A,152,1,1,1,1,0x3892C2,07 01 00,True
0x009782,156,1,1,1,1,0x34CCD6,07 09 01 0B 00,True
0x0097FA,160 164,1,1,1,1,0x0196BE,07 01 00,True
0x009842,168,1,1,1,1,0x39172C,07 09 01 0B 00,True
0x0098BA,172,1,1,1,1,0x2947AA,07 09 01 0B 00,True
0x009932,176,1,1,1,1,0x294D12,07 09 01 0B 00,True
0x0099AA,180,1,1,1,1,0x391BA2,07 09 01 0B 00,True
0x009A22,184,1,1,1,1,0x39205A,07 09 01 0B 00,True
0x009A9A,188 192,1,1,1,1,0x29524A,07 09 01 0B 00,True
0x009B12,196,1,1,1,1,0x3924FE,07 09 01 0B 00,True
0x009B8A,200,1,1,1,1,0x392A20,07 09 01 0B 00,True
0x009C02,204,1,1,1,1,0x392DEC,07 09 01 0B 00,True
0x009C7A,208,1,1,1,1,0x260522,07 09 01 0B 00,True
0x009CF2,212,1,1,1,1,0x36155A,07 09 01 0B 00,True
0x009D6A,216,1,1,1,1,0x36192A,07 09 01 0B 00,True
0x009DE2,220,1,1,1,1,0x18101A,07 09 01 0B 00,True
0x009E5A,224,1,1,1,1,0x260BAA,07 09 01 0B 00,True
0x009ED2,228,1,1,1,1,0x01CB32,07 09 09 09 09 01 0B 0B 0B 0B 00,True
0x009FDA,232,1,1,1,1,0x0D13A8,07 01 00,True
0x00A022,236,1,1,1,1,0x0C21CE,07 09 01 0B 00,True
0x00A09A,244,1,1,1,1,0x25C700,07 09 01 0B 00,True
0x00A112,248,1,1,1,1,0x17D066,07 09 01 0B 00,True
0x00A18A,260,1,1,1,1,0x1CE6CE,07 09 01 0B 00,True
0x00A202,240 268 272,1,1,1,1,0x294134,07 01 00,True
0x00A24A,252 256 276,1,1,1,1,0x1B476E,07 01 00,True
0x00A292,288 296,1,1,1,1,0x3A32D0,07 01 00,True
0x00A2DA,292 300,1,1,1,1,0x29B696,07 01 00,True
0x00A322,312,1,1,1,1,0x3A368E,07 01 00,True
0x00A36A,316,1,1,1,1,0x29691C,07 09 01 0B 00,True
0x00A3E2,320,1,1,1,1,0x296F94,07 09 01 0B 00,True
0x00A45A,324,1,1,1,1,0x10000E,07 09 01 0B 00,True
0x00A4D2,328,1,1,1,1,0x1BA7CC,07 01 00,True
0x00A51A,344,1,1,1,1,0x118B68,07 09 01 0B 00,True
0x00A592,348,1,1,1,1,0x319384,07 09 01 0B 00,True
0x00A60A,352,1,1,1,1,0x362038,07 09 01 0B 00,True
0x00A682,360,1,1,1,1,0x0B071C,07 09 01 0B 00,True
0x00A6FA,380,1,1,1,1,0x067C44,07 09 01 0B 00,True
0x00A772,368,1,1,1,1,0x064846,07 09 01 0B 00,True
0x00A832,376,1,1,1,1,0x2B3914,07 01 00,True
0x00A87A,408,1,1,1,1,0x29585A,07 09 01 0B 00,True
0x00A8F2,412,1,1,1,1,0x3931CA,07 09 01 0B 00,True
0x00A96A,416,1,1,1,1,0x2975A8,07 09 01 0B 00,True
0x00AA5A,424,1,1,1,1,0x298054,07 09 01 0B 00,True
0x00AAD2,428,1,1,1,1,0x3942EC,07 01 00,True
0x00AB1A,432,1,1,1,1,0x3944FA,07 01 00,True
0x00AB3E,434,1,3,1,1,0x3944FA,07 01 00,True
0x00ABDA,460,1,1,1,1,0x2B4DB6,07 01 00,True
0x00AC22,464,1,1,1,1,0x0683B6,07 09 09 09 09 01 0B 0B 0B 0B 00,True
0x00AD2A,480,1,1,1,1,0x395D40,07 01 00,True
0x00AE02,524,1,1,1,1,0x134B6C,07 01 00,True
0x00AE4A,544 548,1,1,1,1,0x1279B2,07 01 00,True
0x00AE92,552 556,1,1,1,1,0x32EA0A,07 01 00,True
0x00AEDA,560,1,1,1,1,0x343AFA,07 01 00,True
0x00AF22,568,1,1,1,1,0x31AAA2,07 01 00,True
0x00AF6A,572,1,1,1,1,0x31A080,07 01 00,True
0x00AFB2,576,1,1,1,1,0x3A2348,07 01 00,True
0x00AFFA,580,1,1,1,1,0x244348,07 01 00,True
0x00B042,584,1,1,1,1,0x1413F8,07 01 00,True
0x00B08A,588,1,1,1,1,0x3E8684,07 01 00,True
0x00B0D2,592,1,1,1,1,0x3947B6,07 01 00,True
0x00B11A,596,1,1,1,1,0x364E36,07 01 00,True
0x00B162,600,1,1,1,1,0x365BEA,07 01 00,True
0x00B1AA,644,1,1,2,2,0x1BD250 0x2B3EE6,07 01 01 00,False
0x00B212,648,1,1,1,1,0x1BDADC,07 01 00,True
0x00B25A,652,1,1,1,1,0x3A4638,07 01 00,True
0x00B2A2,768,1,1,1,1,0x1BC250,07 01 00,True
0x00B2EA,772,1,1,2,2,0x29A3DA 0x39CB9C,07 01 01 00,False
0x00B352,900,1,1,1,1,0x204204,07 01 00,True
0x00B39A,904 908,1,1,2,2,0x20000E 0x30A52C,07 01 01 00,False
0x00B402,912,1,1,1,1,0x300984,07 01 00,True
0x00B44A,916,1,1,1,1,0x30000E,07 01 00,True
0x00B492,920,1,1,1,1,0x3004D8,07 01 00,True
0x00B4DA,932,1,1,1,1,0x102A0A,07 01 00,True
0x00B522,936,1,1,1,1,0x202D3C,07 01 00,True
0x00B629,994,1,1,0,0,,00,False
0x00B62E,995,1,2,0,0,,00,False
0x00B633,996,1,3,0,0,,00,False
0x00B638,997,1,4,0,0,,00,False
0x00B6EE,1045 1057,1,2,1,1,0x2645B2,07 01 00,True
0x00B724,1060,1,1,1,1,0x366E0A,07 01 00,True
0x00B75A,1063,1,4,1,1,0x366E0A,07 01 00,True
0x00B76C,1084,1,1,1,1,0x122DFC,07 01 00,True
0x00B77E,1081,1,2,1,1,0x122DFC,07 01 00,True
0x00B7A2,1087,1,4,1,1,0x122DFC,07 01 00,True
0x00B7B4,1116,1,1,1,1,0x233CDC,07 09 01 0B 00,True
0x00B82C,1120,1,1,1,1,0x332926,07 09 01 0B 00,True
0x00B8A4,1124 1128,1,1,1,1,0x125F64,07 09 01 0B 00,True
0x00B91C,1148,1,1,1,1,0x39BF8C,07 01 00,True
0x00B964,1160,1,1,1,1,0x39C4C4,07 09 01 0B 00,True
0x00BA54,1180,1,1,1,1,0x1C9B24,07 09 01 0B 00,True
0x00BACC,1184,1,1,1,1,0x0696D8,07 01 00,True
0x00BB14,1188,1,1,1,1,0x0F4D0A,07 09 01 0B 00,True
0x00BB8C,1192,1,1,1,1,0x0F5B6C,07 09 01 0B 00,True
0x00BC04,1196,1,1,1,1,0x101B88,07 01 00,True
0x00BC94,1208,1,1,1,1,0x1CCBE8,07 09 09 09 09 01 0B 0B 0B 0B 00,True
0x00BE5C,1220,1,1,1,1,0x29BC0E,07 09 01 0B 00,True
0x00BED4,1224,1,1,1,1,0x3A3BB6,07 09 01 0B 00,True
0x00BF4C,1228,1,1,1,1,0x242418,07 09 01 0B 00,True
0x00BFC4,1232,1,1,1,1,0x2432FE,07 09 01 0B 00,True
0x00C03C,1236,1,1,1,1,0x2009F8,07 09 01 0B 00,True
0x00C0B4,1240,1,1,1,1,0x23E980,07 09 01 0B 00,True
0x00C12C,1244 1256,1,1,1,1,0x13BCC4,07 09 01 0B 00,True
0x00C1A4,1248 1260,1,1,1,1,0x23D15E,07 09 01 0B 00,True
0x00C21C,1252,1,1,1,1,0x13D1F2,07 09 01 0B 00,True
0x00C294,1268,1,1,1,1,0x10315A,07 09 01 0B 00,True
0x00C30C,1280,1,1,1,1,0x396130,07 09 01 0B 00,True
0x00C384,1284,1,1,1,1,0x3A1E98,07 01 00,True
0x00C3CC,1288,1,1,1,1,0x2989BE,07 09 01 0B 00,True
0x00C444,1296,1,1,1,1,0x397BE0,07 09 01 0B 00,True
0x00C4BC,1304,1,1,1,1,0x22AE0C,07 09 01 0B 00,True
0x00C534,1376,1,1,1,1,0x226F9E,07 09 01 0B 00,True
0x00C5AC,1436,1,1,1,1,0x327EFE,07 09 01 0B 00,True
0x00C624,1444,1,1,1,1,0x123AAA,07 09 01 0B 00,True
0x00C69C,1448,1,1,1,1,0x28CA50,07 09 01 0B 00,True
0x00C714,1452,1,1,1,1,0x065664,07 01 00,True
0x00C75C,1456,1,1,1,1,0x3B5D5E,07 01 00,True
0x00C7A4,1460,1,1,1,1,0x3B63D0,07 01 00,True
0x00C7EC,1472,1,1,1,1,0x3F6B9E,07 01 00,True
0x00C834,1476,1,1,1,1,0x1FB1AE,07 01 00,True
0x00C87C,1480,1,1,1,1,0x31FAC6,07 01 00,True
0x00C8C4,1484,1,1,1,1,0x3F9CB4,07 01 00,True
0x00C90C,1488,1,1,1,1,0x322AEE,07 01 00,True
0x00C954,1492,1,1,1,1,0x01B552,07 09 09 09 09 01 0B 0B 0B 0B 00,True
0x00CA5C,1512,1,1,1,1,0x11CE86,07 01 00,True
0x00CAA4,1516,1,1,1,1,0x13EC60,07 01 00,True
0x00CAEC,1520,1,1,1,1,0x2E86BA,07 01 00,True
0x00CB34,1556,1,1,1,1,0x31C79C,07 01 00,True
0x00CB7C,1560,1,1,1,1,0x31D9C2,07 01 00,True
0x00CBC4,1564,1,1,1,1,0x225A0A,07 01 00,True
0x00CC0C,1568,1,1,1,1,0x2E6B12,07 01 00,True
0x00CCCC,1576,1,1,1,1,0x3A06CC,07 01 00,True
0x00CD14,1580,1,1,1,1,0x31E802,07 09 01 0B 00,True
0x00CD8C,1600,1,1,1,1,0x0BED94,07 01 00,True
0x00CDD4,1604,1,1,1,1,0x0B9FEA,07 01 00,True
0x00CE1C,1608,1,1,1,1,0x0C0926,07 01 00,True
0x00CE64,1612,1,1,1,1,0x0B9DB2,07 01 00,True
0x00CEAC,1616,1,1,13,1,0x0B1246 0x0B1246 0x0B1246 0x0B1246 0x0B1246 0x0B1246 0x0B1246 0x0B1246 0x0B1246 0x0B1246 0x0B1246 0x0B1246 0x0B1246,07 01 09 01 09 01 09 01 09 01 09 01 09 01 09 01 09 01 09 01 09 01 09 01 09 01 00,False
0x00D164,1620,1,1,1,1,0x0B1566,07 01 00,True
0x00D1AC,1624,1,1,1,1,0x0B47D4,07 01 00,True
0x00D1F4,1628,1,1,2,1,0x0B5594 0x0B5594,07 01 01 00,False
0x00D25C,1632,1,1,2,2,0x0B5C06 0x0B8D7C,07 01 01 00,False
0x00D2C4,1636,1,1,1,1,0x0B98B4,07 01 00,True
0x00D47B,2560,1,1,1,1,0x25EA4E,07 01 00,True
0x00D4C3,2564,1,1,1,1,0x17F4C4,07 01 00,True
0x00D50B,2568,1,1,1,1,0x2612FA,07 01 00,True
0x00D553,2572,1,1,1,1,0x362540,07 01 00,True
0x00D59B,2576,1,1,1,1,0x1818EC,07 01 00,True
0x00D5E3,3072,1,1,1,1,0x1DA22C,07 09 01 0B 00,True
0x00D65B,3076,1,1,1,1,0x3D2C94,07 09 01 0B 00,True
0x00D6D3,3080,1,1,1,1,0x3D2FB8,07 09 01 0B 00,True
0x00D74B,3084,1,1,1,1,0x3D3350,07 09 01 0B 00,True
0x00D7C3,3088,1,1,1,1,0x3D3724,07 09 01 0B 00,True
0x00D83B,3092,1,1,1,1,0x3EB110,07 09 01 0B 00,True
0x00D8B3,3096,1,1,1,1,0x3EB628,07 09 01 0B 00,True
0x00D92B,3100,1,1,1,1,0x2DCA0C,07 09 01 0B 00,True
0x00D9A3,3104,1,1,1,1,0x3EBB7E,07 09 01 0B 00,True
0x00DA1B,3108,1,1,1,1,0x3E9604,07 09 01 0B 00,True
0x00DA93,3112,1,1,1,1,0x2D9990,07 09 01 0B 00,True
0x00DB0B,3116,1,1,1,1,0x3E9B28,07 09 01 0B 00,True
0x00DB83,3120,1,1,1,1,0x2D9EE6,07 09 01 0B 00,True
0x00DBFB,3124,1,1,1,1,0x1E7376,07 09 01 0B 00,True
0x00DC73,3128,1,1,1,1,0x2C871C,07 09 01 0B 00,True
0x00DCEB,3132,1,1,1,1,0x2CC1DC,07 09 01 0B 00,True
0x00DD63,3136,1,1,1,1,0x1D0BDE,07 09 01 0B 00,True
0x00DDDB,3140,1,1,1,1,0x3E5374,07 09 01 0B 00,True
0x00DE53,3144,1,1,2,2,0x2C2524 0x3EDB56,07 09 01 01 0B 00,False
0x00DEEB,3148,1,1,1,1,0x1F0C50,07 09 01 0B 00,True
0x00DF63,3152,1,1,1,1,0x3EC1C4,07 09 01 0B 00,True
0x00DFDB,3156,1,1,1,1,0x3EC9A6,07 09 01 0B 00,True
0x00E053,3160,1,1,1,1,0x2DD89A,07 09 01 0B 00,True
0x00E0CB,3164,1,1,1,1,0x2B8A68,07 09 01 0B 00,True
0x00E143,3168,1,1,1,1,0x2B90C0,07 09 01 0B 00,True
0x00E1BB,3172,1,1,1,1,0x2B974A,07 09 01 0B 00,True
0x00E233,3176,1,1,1,1,0x2B9E7A,07 09 01 0B 00,True
0x00E2AB,3180,1,1,1,1,0x3DBD66,07 09 01 0B 00,True
0x00E323,3184,1,1,1,1,0x3DC1F8,07 09 01 0B 00,True
0x00E39B,3188,1,1,1,1,0x3DC688,07 09 01 0B 00,True
0x00E413,3192,1,1,1,1,0x2CFD96,07 09 01 0B 00,True
0x00E48B,3196,1,1,1,1,0x3D609E,07 09 01 0B 00,True
0x00E503,3200,1,1,1,1,0x2CCB96,07 09 01 0B 00,True
0x00E57B,3204,1,1,1,1,0x3D65C2,07 09 01 0B 00,True
0x00E5F3,3208,1,1,1,1,0x3D6B76,07 09 01 0B 00,True
0x00E66B,3212,1,1,1,1,0x2E5F50,07 09 01 0B 00,True
0x00E6E3,3216,1,1,1,1,0x2E6540,07 09 01 0B 00,True
0x00E75B,3220,1,1,1,1,0x1FAB0A,07 09 01 0B 00,True
0x00E7D3,3224,1,1,1,1,0x3F653C,07 09 01 0B 00,True
0x00E84B,3228,1,1,1,1,0x2CA432,07 09 01 0B 00,True
0x00E8C3,3232,1,1,1,1,0x2E24A4,07 09 01 0B 00,True
0x00E93B,3236,1,1,2,2,0x3D70B0 0x3CBB8E,07 09 01 01 0B 00,False
0x00E9D3,3240,1,1,2,2,0x3D70B0 0x3CC014,07 09 01 01 0B 00,False
0x00EA6B,3244,1,1,2,2,0x3D70B0 0x2BC7C4,07 09 01 01 0B 00,False
0x00EB03,3248,1,1,2,2,0x3D70B0 0x1D47B6,07 09 01 01 0B 00,False
0x00EB9B,3252,1,1,2,2,0x3D70B0 0x1D3B38,07 09 01 01 0B 00,False
0x00EC33,3256,1,1,2,2,0x3D70B0 0x2BBF1C,07 09 01 01 0B 00,False
0x00ECCB,3260,1,1,2,2,0x3D70B0 0x3CB39A,07 09 01 01 0B 00,False
0x00ED63,3264,1,1,2,2,0x3D70B0 0x2BD1C6,07 09 01 01 0B 00,False
0x00EDFB,3268,1,1,2,2,0x3D1E52 0x3CBB8E,07 09 01 01 0B 00,False
0x00EE93,3272,1,1,2,2,0x3D1E52 0x3CC014,07 09 01 01 0B 00,False
0x00EF2B,3276,1,1,2,2,0x3D1E52 0x2BC7C4,07 09 01 01 0B 00,False
0x00EFC3,3280,1,1,2,2,0x3D1E52 0x1D3B38,07 09 01 01 0B 00,False
0x00F05B,3284,1,1,2,2,0x3D1E52 0x1D47B6,07 09 01 01 0B 00,False
0x00F0F3,3288,1,1,2,2,0x3D1E52 0x2BBF1C,07 09 01 01 0B 00,False
0x00F18B,3292,1,1,2,2,0x3D1E52 0x3CB39A,07 09 01 01 0B 00,False
0x00F223,3296,1,1,2,2,0x3D1E52 0x2BD1C6,07 09 01 01 0B 00,False
0x00F2BB,3300,1,1,1,1,0x2C942C,07 09 01 0B 00,True
0x00F3AB,3308,1,1,1,1,0x1F3524,07 09 01 0B 00,True
0x00F423,3312,1,1,1,1,0x1DFDDC,07 09 01 0B 00,True
0x00F49B,3316,1,1,1,1,0x1F1DD6,07 09 01 0B 00,True
0x00F513,3320,1,1,1,1,0x1E9C86,07 09 01 0B 00,True
0x00F58B,3324,1,1,1,1,0x2CF6CC,07 09 01 0B 00,True
0x00F603,3328,1,1,1,1,0x1E2BF4,07 09 01 0B 00,True
0x00F67B,3332,1,1,1,1,0x2DBDCE,07 09 01 0B 00,True
0x00F6F3,3336,1,1,1,1,0x3C907C,07 09 01 0B 00,True
0x00F76B,3352,1,1,1,1,0x3E5DF8,07 09 01 0B 00,True
0x00F7E3,3356,1,1,1,1,0x2C57E8,07 09 01 0B 00,True
0x00F85B,3360,1,1,1,1,0x1D7BFE,07 09 01 0B 00,True
0x00F8D3,3364,1,1,1,1,0x1DF240,07 09 01 0B 00,True
0x00F94B,3368,1,1,1,1,0x3CA6E2,07 09 01 0B 00,True
0x00F9C3,3372 3376,1,1,1,1,0x1F98FC,07 09 01 0B 00,True
0x00FA3B,3384 3388,1,1,1,1,0x2B70E6,07 09 01 0B 00,True
0x00FAB3,3392 3396,1,1,1,1,0x1EB110,07 09 01 0B 00,True
0x00FB2B,3400,1,1,1,1,0x2CE85C,07 09 01 0B 00,True
0x00FBA3,3404,1,1,1,1,0x3C82D6,07 09 01 0B 00,True
0x00FC1B,3412,1,1,2,2,0x2DE23A 0x3DEB6A,07 09 01 01 0B 00,False
0x00FCB3,3416,1,1,2,2,0x2DE23A 0x3DFBA8,07 09 01 01 0B 00,False
0x00FD4B,3420,1,1,2,2,0x2DE23A 0x1E4A6A,07 09 01 01 0B 00,False
0x00FDE3,3424,1,1,2,2,0x2DE23A 0x1E5478,07 09 01 01 0B 00,False
0x00FE7B,3428,1,1,2,2,0x2DE23A 0x2DF636,07 09 01 01 0B 00,False
0x00FF13,3432,1,1,2,2,0x2DE23A 0x1F6B48,07 09 01 01 0B 00,False
0x00FFAB,3436,1,1,2,2,0x2DE23A 0x3E06BC,07 09 01 01 0B 00,False
0x010043,3440,1,1,2,2,0x2DE23A 0x1E64C0,07 09 01 01 0B 00,False
0x0100DB,3444,1,1,2,2,0x3F14FC 0x3DEB6A,07 09 01 01 0B 00,False
0x010173,3448,1,1,2,2,0x3F14FC 0x3DFBA8,07 09 01 01 0B 00,False
0x01020B,3452,1,1,2,2,0x3F14FC 0x1E4A6A,07 09 01 01 0B 00,False
0x0102A3,3456,1,1,2,2,0x3F14FC 0x1E5478,07 09 01 01 0B 00,False
0x01033B,3460,1,1,2,2,0x3F14FC 0x2DF636,07 09 01 01 0B 00,False
0x0103D3,3464,1,1,2,2,0x3F14FC 0x1F6B48,07 09 01 01 0B 00,False
0x01046B,3468,1,1,2,2,0x3F14FC 0x3E06BC,07 09 01 01 0B 00,False
0x010503,3472,1,1,2,2,0x3F14FC 0x1E64C0,07 09 01 01 0B 00,False
0x01059B,3476,1,1,2,2,0x3F266C 0x2DEC00,07 09 01 01 0B 00,False
0x010633,3480,1,1,2,2,0x3F266C 0x1F7464,07 09 01 01 0B 00,False
0x0106CB,3484,1,1,2,2,0x3F266C 0x3F2C24,07 09 01 01 0B 00,False
0x010763,3488,1,1,2,2,0x3F266C 0x1E5478,07 09 01 01 0B 00,False
0x0107FB,3492,1,1,2,2,0x3F266C 0x2DF636,07 09 01 01 0B 00,False
0x010893,3496,1,1,2,2,0x3F266C 0x1F6B48,07 09 01 01 0B 00,False
0x01092B,3500,1,1,2,2,0x3F266C 0x3E06BC,07 09 01 01 0B 00,False
0x0109C3,3504,1,1,2,2,0x3F266C 0x1F7EAC,07 09 01 01 0B 00,False
0x010A5B,3508,1,1,1,1,0x2CD0F2,07 09 01 0B 00,True
0x010AD3,3512,1,1,1,1,0x3C9922,07 09 01 0B 00,True
0x010B4B,3516,1,1,1,1,0x2B507C,07 09 01 0B 00,True
0x010BC3,3532,1,1,1,1,0x3ED16E,07 09 01 0B 00,True
0x010C3B,3536,1,1,1,1,0x3E2320,07 09 01 0B 00,True
0x010CB3,3540,1,1,1,1,0x1E180E,07 09 01 0B 00,True
0x010D2B,3544,1,1,1,1,0x3E2DE6,07 09 01 0B 00,True
0x010DA3,3548,1,1,1,1,0x2E4CF2,07 09 01 0B 00,True
0x010E93,3556,1,1,1,1,0x3DCB58,07 09 01 0B 00,True
0x010F0B,3564,1,1,1,1,0x3D3B60,07 09 01 0B 00,True
0x010F83,3568,1,1,1,1,0x2D6F7A,07 09 01 0B 00,True
0x010FFB,3580,1,1,1,1,0x1D051C,07 09 01 0B 00,True
0x011073,3584,1,1,1,1,0x3DF4BC,07 09 01 0B 00,True
0x0110EB,3588,1,1,1,1,0x3E3D74,07 09 01 0B 00,True
0x011163,3592,1,1,1,1,0x1ED310,07 09 01 0B 00,True
0x0111DB,3600,1,1,1,1,0x1F1336,07 09 01 0B 00,True
0x011253,3604,1,1,1,1,0x3E4868,07 09 01 0B 00,True
0x0112CB,3608,1,1,1,1,0x3E14D2,07 09 01 0B 00,True
0x011343,3612,1,1,1,1,0x1E894A,07 09 01 0B 00,True
0x0113BB,3616,1,1,1,1,0x2D7D9A,07 09 01 0B 00,True
0x011433,3624,1,1,1,1,0x1E3678,07 09 01 0B 00,True
0x0114AB,3628,1,1,1,1,0x2BDEB0,07 09 01 0B 00,True
0x011523,3632,1,1,1,1,0x2C69C4,07 09 01 0B 00,True
0x01159B,3636,1,1,1,1,0x2D5824,07 09 01 0B 00,True
0x011613,3640,1,1,1,1,0x2DEC00,07 09 01 0B 00,True
0x01168B,3644,1,1,1,1,0x1F7464,07 09 01 0B 00,True
0x011703,3648,1,1,1,1,0x3F2C24,07 09 01 0B 00,True
0x01177B,3652,1,1,1,1,0x1E5478,07 09 01 0B 00,True
0x0117F3,3656,1,1,1,1,0x2DF636,07 09 01 0B 00,True
0x01186B,3660,1,1,1,1,0x1F6B48,07 09 01 0B 00,True
0x0118E3,3664,1,1,1,1,0x3E06BC,07 09 01 0B 00,True
0x01195B,3668,1,1,1,1,0x1F7EAC,07 09 01 0B 00,True
0x0119D3,3672,1,1,1,1,0x2D3170,07 09 01 0B 00,True
0x011AC3,3680,1,1,1,1,0x2D380A,07 09 01 0B 00,True
0x011B3B,3684,1,1,1,1,0x3F56E6,07 09 01 0B 00,True
0x011BB3,3688,1,1,1,1,0x2C320A,07 09 01 0B 00,True
0x011C2B,3724,1,1,1,1,0x3F35A6,07 09 01 0B 00,True
0x011CA3,3728,1,1,1,1,0x3DA50C,07 09 01 0B 00,True
0x011D1B,3736,1,1,1,1,0x3E6DA0,07 09 01 0B 00,True
0x011D93,3740,1,1,1,1,0x2E36B0,07 09 01 0B 00,True
0x011E0B,3744,1,1,1,1,0x3F00A4,07 09 01 0B 00,True
0x011E83,3748,1,1,1,1,0x3DD6BE,07 09 01 0B 00,True
0x011EFB,3752,1,1,1,1,0x3D0CE6,07 09 01 0B 00,True
0x011F73,3756,1,1,1,1,0x1EDBE6,07 09 01 0B 00,True
0x011FEB,3760,1,1,1,1,0x2E0112,07 09 01 0B 00,True
0x012063,3764,1,1,1,1,0x3EF79E,07 09 01 0B 00,True
0x0120DB,3768,1,1,1,1,0x1F29F2,07 09 01 0B 00,True
0x012153,3776,1,1,1,1,0x2DA550,07 09 01 0B 00,True
0x0121CB,3780,1,1,2,2,0x3F4DFA 0x1ECBF2,07 09 01 01 0B 00,False
0x012263,3788,1,1,2,2,0x3F4DFA 0x2DCFA0,07 09 01 01 0B 00,False
0x0122FB,3792,1,1,1,1,0x1F8B88,07 09 01 0B 00,True
0x012373,3796,1,1,1,1,0x2B7E36,07 09 01 0B 00,True
0x0123EB,3800,1,1,2,2,0x2CE07A 0x2B7E36,07 09 01 01 0B 00,False
0x012483,3808,1,1,1,1,0x3D5A24,07 09 01 0B 00,True
0x0124FB,3844,1,1,1,1,0x2BF4B4,07 09 01 0B 00,True
0x012573,3852,1,1,1,1,0x3F5192,07 09 01 0B 00,True
0x0125EB,3856,1,1,1,1,0x2E1DA6,07 09 01 0B 00,True
0x012663,3860,1,1,1,1,0x3D0286,07 09 01 0B 00,True
0x0126DB,3864,1,1,1,1,0x3D9B52,07 09 01 0B 00,True
0x012753,3868,1,1,1,1,0x2C0460,07 09 01 0B 00,True
0x0127CB,3872,1,1,1,1,0x2D4BBA,07 09 01 0B 00,True
0x012843,3876,1,1,1,1,0x3EA1BC,07 09 01 0B 00,True
0x0128BB,3880,1,1,1,1,0x2E3EA6,07 09 01 0B 00,True
0x012933,3884,1,1,1,1,0x1D527E,07 09 01 0B 00,True
0x0129AB,3888,1,1,1,1,0x2D2014,07 09 01 0B 00,True
0x012A23,3892,1,1,1,1,0x3D7FB0,07 09 01 0B 00,True
0x012A9B,3896,1,1,1,1,0x3E386A,07 09 01 0B 00,True
0x012B13,3900,1,1,1,1,0x2E59C2,07 09 01 0B 00,True
0x012B8B,3904,1,1,1,1,0x2CB1F6,07 09 01 0B 00,True
0x012C03,3908,1,1,1,1,0x2E0EAC,07 09 01 0B 00,True
0x012C7B,3916,1,1,1,1,0x1D1FE6,07 09 01 0B 00,True
0x012CF3,3924,1,1,1,1,0x1EED24,07 09 01 0B 00,True
0x012D6B,3928,1,1,1,1,0x2BA5FE,07 09 01 0B 00,True
0x012DE3,3932,1,1,1,1,0x1D98EC,07 09 01 0B 00,True
0x012E5B,3980,1,1,1,1,0x1DD446,07 09 01 0B 00,True
0x012ED3,3984,1,1,1,1,0x1EFA4C,07 09 01 0B 00,True
0x012F4B,3988,1,1,1,1,0x3D4AFE,07 09 01 0B 00,True
0x012FC3,3992,1,1,1,1,0x2D03B6,07 09 01 0B 00,True
0x01303B,3996,1,1,1,1,0x1F458A,07 09 01 0B 00,True
0x0130B3,4000,1,1,1,1,0x1D60E8,07 09 01 0B 00,True
0x01312B,4500,1,1,1,1,0x32CEE8,07 09 01 0B 00,True
0x0131A3,4504,1,1,1,1,0x32D3A2,07 09 01 0B 00,True
0x01321B,4508,1,1,1,1,0x23243E,07 09 01 0B 00,True
0x013293,4512 4516 4520,1,1,1,1,0x3419BC,07 09 01 0B 00,True
0x01330B,4524 4528,1,1,1,1,0x334A4E,07 01 00,True
0x013353,4532,1,1,1,1,0x334E0C,07 01 00,True
0x01339B,4536,1,1,1,1,0x3310A0,07 01 00,True
0x0133E3,4540,1,1,1,1,0x33022E,07 01 00,True
0x01342B,4548 4552,1,1,1,1,0x132C88,07 09 01 0B 00,True
0x0134A3,4556,1,1,1,1,0x12DF3A,07 09 01 0B 00,True
0x01351B,4560,1,1,1,1,0x33199C,07 09 01 0B 00,True
0x013593,4564,1,1,1,1,0x12C53A,07 09 01 0B 00,True
0x01360B,4568,1,1,1,1,0x12EAAC,07 01 00,True
0x013653,4572,1,1,1,1,0x3332E4,07 01 00,True
0x01369B,4576,1,1,1,1,0x13050C,07 01 00,True
0x0136E3,4580 4584,1,1,1,1,0x33F58E,07 01 00,True
0x01372B,4592,1,1,1,1,0x32BC14,07 01 00,True
0x013773,4596,1,1,1,1,0x32BEFE,07 01 00,True
0x0137BB,4600,1,1,1,1,0x32C220,07 01 00,True
0x013803,4604,1,1,1,1,0x32C5B8,07 01 00,True
0x01384B,4608,1,1,10,7,0x3420FC 0x3426CA 0x23784E 0x3420FC 0x237E16 0x342B22 0x23784E 0x237E16 0x3430BE 0x3433BA,07 09 01 01 01 01 01 01 01 01 01 01 0B 00,False
0x0139E3,4612,1,1,6,6,0x235096 0x340488 0x1340E0 0x235B86 0x340E18 0x2362CA,07 09 01 01 01 01 01 01 0F 0B 00,False
0x013AFE,4616,1,1,1,1,0x335158,07 01 00,True
0x013B46,4620,1,1,1,1,0x3355DE,07 01 00,True
0x013B8E,4624,1,1,1,1,0x3299EE,07 01 00,True
0x013BD6,4628,1,1,1,1,0x32A592,07 01 00,True
0x013C1E,4632,1,1,1,1,0x32B0A2,07 01 00,True
0x013C66,4636 4640,1,1,1,1,0x12FBA8,07 01 00,True
0x013CAE,4644,1,1,1,1,0x2329FC,07 01 00,True
0x013CF6,4648,1,1,1,1,0x129766,07 01 00,True
0x013D3E,4652 4656 4660 4664 4668,1,1,1,1,0x333E14,07 01 00,True
0x013D86,4672 4676,1,1,1,1,0x12695C,07 01 00,True
0x013DCE,4680,1,1,1,1,0x231E20,07 09 01 0B 00,True
0x013E46,4684,1,1,1,1,0x236AEA,07 09 01 0B 00,True
0x013EBE,4688,1,1,1,1,0x23716A,07 09 01 0B 00,True
0x013F36,4692,1,1,1,1,0x12A9B0,07 09 01 0B 00,True
0x013FAE,4696,1,1,1,1,0x12B744,07 09 01 0B 00,True
0x014026,4700 4704,1,1,1,1,0x3341DA,07 09 01 0B 00,True
0x01409E,4708,1,1,1,1,0x13390E,07 09 01 0B 00,True
0x014116,4712,1,1,1,1,0x234426,07 09 01 0B 00,True
0x01418E,4800,1,1,1,1,0x22227C,07 01 00,True
0x0141D6,4804,1,1,1,1,0x21B96E,07 01 00,True
0x01421E,4808,1,1,1,1,0x3142B4,07 01 00,True
0x014266,4812,1,1,1,1,0x312F36,07 01 00,True
0x0142AE,4816,1,1,1,1,0x3182D0,07 01 00,True
0x0142F6,4820,1,1,1,1,0x21C41C,07 01 00,True
0x01433E,4824,1,1,6,6,0x220432 0x2209DA 0x3156A6 0x10F558 0x221400 0x315F14,07 09 01 01 01 01 01 01 0B 00,False
0x014456,4828,1,1,1,1,0x31337E,07 01 00,True
0x01449E,4832,1,1,1,1,0x21D68E,07 01 00,True
0x0144E6,4836,1,1,1,1,0x21DD88,07 01 00,True
0x01452E,4840,1,1,1,1,0x21E456,07 01 00,True
0x014576,4844,1,1,1,1,0x31381C,07 01 00,True
0x0145BE,4848,1,1,1,1,0x313DF2,07 01 00,True
0x014606,4852,1,1,1,1,0x311948,07 01 00,True
0x01464E,4856,1,1,1,1,0x3121F6,07 01 00,True
0x014696,4860,1,1,1,1,0x310B78,07 01 00,True
0x0146DE,4864,1,1,1,1,0x109F44,07 01 00,True
0x014726,4868,1,1,1,1,0x218FFE,07 01 00,True
0x01476E,4872,1,1,1,1,0x219952,07 01 00,True
0x0147B6,4876,1,1,1,1,0x1095C0,07 01 00,True
0x0147FE,4880,1,1,1,1,0x312A80,07 01 00,True
0x014846,4884,1,1,1,1,0x21B1C0,07 01 00,True
0x01488E,4888,1,1,1,1,0x10CC4A,07 01 00,True
0x0148D6,4892,1,1,1,1,0x21FE8C,07 01 00,True
0x01491E,4896,1,1,1,1,0x10EA68,07 01 00,True
0x014966,4900,1,1,1,1,0x317B7C,07 01 00,True
0x0149AE,4904,1,1,1,1,0x31489E,07 09 01 0B 00,True
0x014A26,4908,1,1,1,1,0x314DD2,07 09 01 0B 00,True
0x014A9E,4912,1,1,1,1,0x10DB54,07 09 01 0B 00,True
0x014B16,4916,1,1,1,1,0x21EA36,07 09 01 0B 00,True
0x014B8E,4920,1,1,1,1,0x21F084,07 09 01 0B 00,True
0x014C06,4924,1,1,1,1,0x21F62E,07 09 01 0B 00,True
0x014C7E,4928,1,1,1,1,0x10E280,07 09 01 0B 00,True
0x014CF6,4932,1,1,1,1,0x3151DA,07 09 01 0B 00,True
0x014D6E,4936,1,1,1,1,0x220432,07 09 01 0B 00,True
0x014DE6,4940,1,1,1,1,0x3156A6,07 09 01 0B 00,True
0x014E5E,4944,1,1,1,1,0x2209DA,07 09 01 0B 00,True
0x014ED6,4948,1,1,1,1,0x10F558,07 09 01 0B 00,True
0x014F4E,4952,1,1,1,1,0x10D3FC,07 09 01 0B 00,True
0x014FC6,4956,1,1,1,1,0x223A72,07 09 01 0B 00,True
0x01503E,4960,1,1,1,1,0x3174D8,07 09 01 0B 00,True
0x0150B6,4964,1,1,1,1,0x10FEC0,07 09 01 0B 00,True
0x01512E,4968,1,1,1,1,0x224042,07 09 01 0B 00,True
0x0151A6,4972,1,1,1,1,0x21CA28,07 09 01 0B 00,True
0x01521E,4976,1,1,1,1,0x222F0E,07 09 01 0B 00,True
0x015296,4980,1,1,1,1,0x316A5C,07 09 01 0B 00,True
0x01530E,4984,1,1,1,1,0x10AE1E,07 09 01 0B 00,True
0x015386,4988,1,1,1,1,0x21A316,07 09 01 0B 00,True
0x0153FE,4992,1,1,1,1,0x10BE4C,07 09 01 0B 00,True
0x015476,5000,1,1,1,1,0x347BE2,07 09 01 0B 00,True
0x0154EE,5004,1,1,1,1,0x34821C,07 09 01 0B 00,True
0x015566,5008,1,1,1,1,0x13577E,07 09 01 0B 00,True
0x0155DE,5012,1,1,1,1,0x239360,07 09 01 0B 00,True
0x015656,5016,1,1,1,1,0x3487F2,07 09 01 0B 00,True
0x0156CE,5020,1,1,1,1,0x2398B2,07 09 01 0B 00,True
0x015746,5024,1,1,1,1,0x13659C,07 09 01 0B 00,True
0x0157BE,5028,1,1,1,1,0x239E6C,07 09 01 0B 00,True
0x015836,5032,1,1,1,1,0x13B158,07 09 01 0B 00,True
0x0158AE,5036,1,1,1,1,0x34AE52,07 09 01 0B 00,True
0x015926,5040,1,1,1,1,0x13700A,07 09 01 0B 00,True
0x01599E,5044,1,1,1,1,0x34A75E,07 01 00,True
0x0159E6,5048,1,1,1,1,0x34AAA4,07 01 00,True
0x015A2E,5052,1,1,1,1,0x34635C,07 01 00,True
0x015A76,5056,1,1,1,1,0x238B98,07 01 00,True
0x015ABE,5060,1,1,1,1,0x3466B4,07 01 00,True
0x015B06,5064,1,1,1,1,0x135E5E,07 01 00,True
0x015B4E,5068,1,1,1,1,0x346E08,07 01 00,True
0x015B96,5072,1,1,1,1,0x348C98,07 01 00,True
0x015BDE,5076,1,1,1,1,0x23B1E4,07 01 00,True
0x015C26,5080,1,1,1,1,0x23AC30,07 01 00,True
0x015C6E,5084,1,1,1,1,0x34BF2E,07 01 00,True
0x015CB6,5088,1,1,1,1,0x23835C,07 01 00,True
0x015CFE,5092,1,1,1,1,0x1382A4,07 01 00,True
0x015D46,5096,1,1,1,1,0x23BED4,07 01 00,True
0x015D8E,5100,1,1,1,1,0x139830,07 01 00,True
0x015DD6,5104,1,1,13,6,0x349D52 0x349D52 0x137B94 0x3499EE 0x139040 0x349D52 0x34A216 0x3499EE 0x23B85E 0x137B94 0x34A216 0x34A216 0x3499EE,07 09 01 01 01 01 01 01 01 01 01 01 01 01 01 0B 00,False
0x015FCE,6144,1,1,1,1,0x184336,07 09 01 0B 00,True
0x016046,6148,1,1,1,1,0x264EC6,07 09 01 0B 00,True
0x0160BE,6156,1,1,2,2,0x3677C0 0x18642E,07 09 01 01 0B 00,False
0x016156,6164,1,1,2,2,0x3677C0 0x367F82,07 09 01 01 0B 00,False
0x0161EE,6168,1,1,2,2,0x3677C0 0x186D6C,07 09 01 01 0B 00,False
0x016286,6172,1,1,2,2,0x3677C0 0x266A56,07 09 01 01 0B 00,False
0x01631E,6176,1,1,2,2,0x3677C0 0x187D7E,07 09 01 01 0B 00,False
0x0163B6,6180,1,1,2,2,0x3677C0 0x2677B6,07 09 01 01 0B 00,False
0x01644E,6192,1,1,2,2,0x3677C0 0x188E40,07 09 01 01 0B 00,False
0x0164E6,6196,1,1,2,2,0x3677C0 0x189B16,07 09 01 01 0B 00,False
0x01657E,6200,1,1,2,2,0x368EDA 0x369B78,07 09 01 01 0B 00,False
0x016616,6208,1,1,2,2,0x368EDA 0x36A47A,07 09 01 01 0B 00,False
0x0166AE,6212,1,1,2,2,0x368EDA 0x36B30E,07 09 01 01 0B 00,False
0x016746,6216,1,1,2,2,0x368EDA 0x268450,07 09 01 01 0B 00,False
0x0167DE,6220,1,1,2,2,0x368EDA 0x26941E,07 09 01 01 0B 00,False
0x016876,6224,1,1,2,2,0x368EDA 0x18AB44,07 09 01 01 0B 00,False
0x01690E,6236,1,1,2,2,0x368EDA 0x26A668,07 09 01 01 0B 00,False
0x0169A6,6240,1,1,2,2,0x368EDA 0x36C294,07 09 01 01 0B 00,False
0x016A3E,6276,1,1,1,1,0x18B98C,07 09 01 0B 00,True
0x016AB6,6280,1,1,1,1,0x18C3B8,07 09 01 0B 00,True
0x016B2E,6284,1,1,1,1,0x26B36A,07 09 01 0B 00,True
0x016BA6,6288,1,1,1,1,0x36D2E8,07 09 01 0B 00,True
0x016C1E,6292,1,1,1,1,0x18CFFE,07 09 01 0B 00,True
0x016C96,6296,1,1,1,1,0x36E250,07 09 01 0B 00,True
0x016D0E,6300,1,1,1,1,0x26C042,07 09 01 0B 00,True
0x016D86,6304,1,1,1,1,0x36EE08,07 09 01 0B 00,True
0x016DFE,6308,1,1,2,2,0x36FE48 0x26CCF2,07 09 01 01 0B 00,False
0x016F2E,6316,1,1,2,2,0x26E3D6 0x26CCF2,07 09 01 01 0B 00,False
0x016FC6,6320,1,1,2,2,0x370228 0x26CCF2,07 09 01 01 0B 00,False
0x01705E,6324,1,1,2,2,0x18E8DA 0x26CCF2,07 09 01 01 0B 00,False
0x0170F6,6328,1,1,2,2,0x18F4A8 0x26CCF2,07 09 01 01 0B 00,False
0x01718E,6332,1,1,2,2,0x26EFD8 0x26CCF2,07 09 01 01 0B 00,False
0x017226,6336,1,1,2,2,0x370DCA 0x26CCF2,07 09 01 01 0B 00,False
0x017356,6344,1,1,2,2,0x270576 0x26CCF2,07 09 01 01 0B 00,False
0x0173EE,6348,1,1,1,1,0x1900AC,07 09 01 0B 00,True
0x017466,6352,1,1,2,2,0x1900AC 0x19280A,07 09 01 01 0B 00,False
0x0174FE,6356,1,1,1,1,0x3715C8,07 09 01 0B 00,True
0x017576,6360,1,1,1,1,0x193BA4,07 09 01 0B 00,True
0x0175EE,6364,1,1,1,1,0x3731DC,07 09 01 0B 00,True
0x017666,6368,1,1,1,1,0x194F56,07 09 01 0B 00,True
0x017756,6376,1,1,1,1,0x27212E,07 09 01 0B 00,True
0x0177CE,6380,1,1,1,1,0x195ACA,07 09 01 0B 00,True
0x017846,6384,1,1,1,1,0x27350E,07 09 01 0B 00,True
0x0178BE,6388,1,1,1,1,0x3749D4,07 09 01 0B 00,True
0x017936,6392,1,1,1,1,0x274288,07 09 01 0B 00,True
0x0179AE,6396,1,1,1,1,0x19696E,07 09 01 0B 00,True
0x017A26,6400,1,1,1,1,0x27576E,07 09 01 0B 00,True
0x017A9E,6404,1,1,1,1,0x19772C,07 09 01 0B 00,True
0x017B16,6408,1,1,1,1,0x1980B6,07 09 01 0B 00,True
0x017B8E,6412,1,1,1,1,0x276512,07 09 01 0B 00,True
0x017CF6,6424,1,1,1,1,0x1991C0,07 09 01 0B 00,True
0x017D6E,6428,1,1,1,1,0x19A284,07 09 01 0B 00,True
0x017DE6,6432,1,1,1,1,0x3757C2,07 09 01 0B 00,True
0x017E5E,6436,1,1,1,1,0x19BB4C,07 09 01 0B 00,True
0x017ED6,6440,1,1,1,1,0x19CA00,07 09 01 0B 00,True
0x017F4E,6444,1,1,1,1,0x27903E,07 09 01 0B 00,True
0x017FC6,6448,1,1,1,1,0x19D8BA,07 09 01 0B 00,True
0x01803E,6452,1,1,1,1,0x19E634,07 09 01 0B 00,True
0x0180B6,6456,1,1,1,1,0x376942,07 09 01 0B 00,True
0x01812E,6460,1,1,1,1,0x37768A,07 09 01 0B 00,True
0x0181A6,6464,1,1,1,1,0x19F2CC,07 09 01 0B 00,True
0x01821E,6468,1,1,1,1,0x1A0074,07 09 01 0B 00,True
0x018296,6472,1,1,1,1,0x1A11BE,07 09 01 0B 00,True
0x01830E,6476,1,1,1,1,0x37896E,07 09 01 0B 00,True
0x018386,6480,1,1,1,1,0x27AB1A,07 09 01 0B 00,True
0x0183FE,6484,1,1,1,1,0x27BD08,07 09 01 0B 00,True
0x018476,6488,1,1,1,1,0x1A1D5E,07 09 01 0B 00,True
0x0184EE,6492,1,1,1,1,0x1A2A62,07 09 01 0B 00,True
0x018566,6496,1,1,1,1,0x379CC4,07 09 01 0B 00,True
0x0185DE,6500,1,1,1,1,0x37B640,07 09 01 0B 00,True
0x018656,6504,1,1,1,1,0x1A4956,07 09 01 0B 00,True
0x0186CE,6508,1,1,1,1,0x37C208,07 09 01 0B 00,True
0x018746,6512,1,1,1,1,0x1A557C,07 09 01 0B 00,True
0x0187BE,6516,1,1,1,1,0x27CB7A,07 09 01 0B 00,True
0x018836,6520,1,1,1,1,0x27DEE6,07 09 01 0B 00,True
0x0188AE,6528,1,1,1,1,0x37CD6C,07 09 01 0B 00,True
0x018926,6532,1,1,1,1,0x27EBF6,07 09 01 0B 00,True
0x01899E,6536,1,1,1,1,0x37DBF4,07 09 01 0B 00,True
0x018A16,6540,1,1,1,1,0x37ECEC,07 09 01 0B 00,True
0x018A8E,6544,1,1,1,1,0x27FAE2,07 09 01 0B 00,True
0x018B06,6548,1,1,1,1,0x280F78,07 09 01 0B 00,True
0x018B7E,6552,1,1,1,1,0x1A65E8,07 09 01 0B 00,True
0x018BF6,6556,1,1,1,1,0x37F8A8,07 09 01 0B 00,True
0x018C6E,6560,1,1,1,1,0x3808FC,07 09 01 0B 00,True
0x018CE6,6564,1,1,1,1,0x1A748A,07 09 01 0B 00,True
0x018D5E,6568,1,1,1,1,0x282502,07 09 01 0B 00,True
0x018DD6,6572,1,1,1,1,0x381DEE,07 09 01 0B 00,True
0x018E4E,6576,1,1,1,1,0x28317E,07 09 01 0B 00,True
0x018EC6,6580,1,1,1,1,0x382E5E,07 09 01 0B 00,True
0x018F3E,6584,1,1,1,1,0x3845F4,07 09 01 0B 00,True
0x018FB6,6588,1,1,1,1,0x1A8920,07 09 01 0B 00,True
0x01902E,6592,1,1,1,1,0x1A954A,07 09 01 0B 00,True
0x01911E,6600,1,1,1,1,0x284202,07 09 01 0B 00,True
0x019196,6604,1,1,1,1,0x28502C,07 09 01 0B 00,True
0x01920E,6608,1,1,1,1,0x1ABB00,07 09 01 0B 00,True
0x019286,6612,1,1,1,1,0x1ACA8E,07 09 01 0B 00,True
0x0192FE,6616,1,1,1,1,0x2866BE,07 09 01 0B 00,True
0x019376,6620,1,1,1,1,0x386456,07 09 01 0B 00,True
0x0193EE,6624,1,1,1,1,0x287D00,07 09 01 0B 00,True
0x019466,6628,1,1,1,1,0x1AD418,07 09 01 0B 00,True
0x0194DE,6632,1,1,1,1,0x289030,07 09 01 0B 00,True
0x019556,6636,1,1,1,1,0x1AF18A,07 09 01 0B 00,True
0x0195CE,6640,1,1,1,1,0x1B1D3C,07 09 01 0B 00,True
0x019646,564 6644,1,1,1,1,0x3877AE,07 09 01 0B 00,True
