command,track_pointer,track_type,track_channel,triple_sound_indices,direct_source_reference,stream_count,unique_stream_count,stream_addresses_hex,stream_frames,stream_durations_seconds,opcode_sequence_hex,simple_single_stream_program
11,0x008F87,1,0,,wmania_tune segment A,6,3,0x0A9E7A 0x0A9E7A 0x0ADC9E 0x0A9E7A 0x0A9E7A 0x0AEDCE,279 279 72 279 279 105,2.142720 2.142720 0.552960 2.142720 2.142720 0.806400,07 0E 05 01 05 01 01 05 01 05 01 01 0F 00,False
13,0x008E32,2,0,,wmania_tune segment C,0,0,,,,,False
128,0x0094CA,1,1,001,,1,1,0x34C1DC,40,0.307200,07 09 01 0B 00,True
132,0x009542,1,1,002,,1,1,0x34C7BE,33,0.253440,07 09 01 0B 00,True
136,0x0095BA,1,1,004,,1,1,0x318A02,34,0.261120,07 01 00,True
140,0x009602,1,1,005,,1,1,0x318F1C,41,0.314880,07 09 01 0B 00,True
144,0x00967A,1,1,006,,1,1,0x3889A8,34,0.261120,07 09 01 0B 00,True
148,0x0096F2,1,1,007,,1,1,0x388E36,31,0.238080,07 01 00,True
152,0x00973A,1,1,008,,1,1,0x3892C2,35,0.268800,07 01 00,True
156,0x009782,1,1,009,,1,1,0x34CCD6,31,0.238080,07 09 01 0B 00,True
160,0x0097FA,1,1,04E,,1,1,0x0196BE,220,1.689600,07 01 00,True
164,0x0097FA,1,1,04F,,1,1,0x0196BE,220,1.689600,07 01 00,True
168,0x009842,1,1,00E,,1,1,0x39172C,35,0.268800,07 09 01 0B 00,True
172,0x0098BA,1,1,00F,,1,1,0x2947AA,37,0.284160,07 09 01 0B 00,True
176,0x009932,1,1,010 035 040,,1,1,0x294D12,39,0.299520,07 09 01 0B 00,True
180,0x0099AA,1,1,011,,1,1,0x391BA2,29,0.222720,07 09 01 0B 00,True
184,0x009A22,1,1,012,,1,1,0x39205A,42,0.322560,07 09 01 0B 00,True
188,0x009A9A,1,1,013,,1,1,0x29524A,46,0.353280,07 09 01 0B 00,True
192,0x009A9A,1,1,014,,1,1,0x29524A,46,0.353280,07 09 01 0B 00,True
196,0x009B12,1,1,015,,1,1,0x3924FE,38,0.291840,07 09 01 0B 00,True
200,0x009B8A,1,1,016,,1,1,0x392A20,30,0.230400,07 09 01 0B 00,True
204,0x009C02,1,1,017,,1,1,0x392DEC,32,0.245760,07 09 01 0B 00,True
208,0x009C7A,1,1,018 0DD,,1,1,0x260522,46,0.353280,07 09 01 0B 00,True
212,0x009CF2,1,1,019,,1,1,0x36155A,26,0.199680,07 09 01 0B 00,True
216,0x009D6A,1,1,01A,,1,1,0x36192A,50,0.384000,07 09 01 0B 00,True
220,0x009DE2,1,1,01B 034,,1,1,0x18101A,56,0.430080,07 09 01 0B 00,True
224,0x009E5A,1,1,01C,,1,1,0x260BAA,46,0.353280,07 09 01 0B 00,True
228,0x009ED2,1,1,01D,,1,1,0x01CB32,72,0.552960,07 09 09 09 09 01 0B 0B 0B 0B 00,True
232,0x009FDA,1,1,01E 0A8,,1,1,0x0D13A8,505,3.878400,07 01 00,True
236,0x00A022,1,1,01F 033,,1,1,0x0C21CE,120,0.921600,07 09 01 0B 00,True
240,0x00A202,1,1,020,,1,1,0x294134,66,0.506880,07 01 00,True
244,0x00A09A,1,1,021 0CB,,1,1,0x25C700,129,0.990720,07 09 01 0B 00,True
248,0x00A112,1,1,022 0CC,,1,1,0x17D066,135,1.036800,07 09 01 0B 00,True
252,0x00A24A,1,1,023,,1,1,0x1B476E,100,0.768000,07 01 00,True
256,0x00A24A,1,1,024,,1,1,0x1B476E,100,0.768000,07 01 00,True
260,0x00A18A,1,1,025 037,,1,1,0x1CE6CE,172,1.320960,07 09 01 0B 00,True
268,0x00A202,1,1,027,,1,1,0x294134,66,0.506880,07 01 00,True
272,0x00A202,1,1,028,,1,1,0x294134,66,0.506880,07 01 00,True
276,0x00A24A,1,1,029,,1,1,0x1B476E,100,0.768000,07 01 00,True
288,0x00A292,1,1,02C,,1,1,0x3A32D0,38,0.291840,07 01 00,True
292,0x00A2DA,1,1,02D,,1,1,0x29B696,62,0.476160,07 01 00,True
296,0x00A292,1,1,02E,,1,1,0x3A32D0,38,0.291840,07 01 00,True
300,0x00A2DA,1,1,02F,,1,1,0x29B696,62,0.476160,07 01 00,True
312,0x00A322,1,1,032,,1,1,0x3A368E,55,0.422400,07 01 00,True
316,0x00A36A,1,1,0C0,,1,1,0x29691C,93,0.714240,07 09 01 0B 00,True
320,0x00A3E2,1,1,0C2,,1,1,0x296F94,62,0.476160,07 09 01 0B 00,True
324,0x00A45A,1,1,0CD,,1,1,0x10000E,214,1.643520,07 09 01 0B 00,True
328,0x00A4D2,1,1,0B1,,1,1,0x1BA7CC,213,1.635840,07 01 00,True
344,0x00A51A,1,1,0B4,,1,1,0x118B68,110,0.844800,07 09 01 0B 00,True
348,0x00A592,1,1,0AC,,1,1,0x319384,94,0.721920,07 09 01 0B 00,True
352,0x00A60A,1,1,0B2,,1,1,0x362038,45,0.345600,07 09 01 0B 00,True
360,0x00A682,1,1,0AA,,1,1,0x0B071C,94,0.721920,07 09 01 0B 00,True
368,0x00A772,1,1,0AD,,1,1,0x064846,138,1.059840,07 09 01 0B 00,True
376,0x00A832,1,1,0B6,,1,1,0x2B3914,81,0.622080,07 01 00,True
380,0x00A6FA,1,1,0BE,,1,1,0x067C44,49,0.376320,07 09 01 0B 00,True
408,0x00A87A,1,1,03D,,1,1,0x29585A,148,1.136640,07 09 01 0B 00,True
412,0x00A8F2,1,1,00B,,1,1,0x3931CA,125,0.960000,07 09 01 0B 00,True
416,0x00A96A,1,1,00C,,1,1,0x2975A8,113,0.867840,07 09 01 0B 00,True
424,0x00AA5A,1,1,00D,,1,1,0x298054,92,0.706560,07 09 01 0B 00,True
428,0x00AAD2,1,1,046,,1,1,0x3942EC,26,0.199680,07 01 00,True
432,0x00AB1A,1,1,047,,1,1,0x3944FA,34,0.261120,07 01 00,True
434,0x00AB3E,1,3,0B5,,1,1,0x3944FA,34,0.261120,07 01 00,True
460,0x00ABDA,1,1,00A,,1,1,0x2B4DB6,16,0.122880,07 01 00,True
464,0x00AC22,1,1,098,,1,1,0x0683B6,57,0.437760,07 09 09 09 09 01 0B 0B 0B 0B 00,True
468,0x00938C,1,1,0D7,,0,0,,,,00,False
472,0x00938C,1,1,0D8,,0,0,,,,00,False
476,0x00938C,1,1,0D9,,0,0,,,,00,False
480,0x00AD2A,1,1,0DA,,1,1,0x395D40,42,0.322560,07 01 00,True
484,0x00938C,1,1,0DB,,0,0,,,,00,False
488,0x00938C,1,1,0DC,,0,0,,,,00,False
524,0x00AE02,1,1,050,,1,1,0x134B6C,125,0.960000,07 01 00,True
544,0x00AE4A,1,1,055,,1,1,0x1279B2,334,2.565120,07 01 00,True
548,0x00AE4A,1,1,056,,1,1,0x1279B2,334,2.565120,07 01 00,True
552,0x00AE92,1,1,057,,1,1,0x32EA0A,293,2.250240,07 01 00,True
556,0x00AE92,1,1,058,,1,1,0x32EA0A,293,2.250240,07 01 00,True
560,0x00AEDA,1,1,059,,1,1,0x343AFA,216,1.658880,07 01 00,True
564,0x019646,1,1,282,,1,1,0x3877AE,155,1.190400,07 09 01 0B 00,True
568,0x00AF22,1,1,283,,1,1,0x31AAA2,266,2.042880,07 01 00,True
572,0x00AF6A,1,1,284,,1,1,0x31A080,94,0.721920,07 01 00,True
576,0x00AFB2,1,1,285,,1,1,0x3A2348,148,1.136640,07 01 00,True
580,0x00AFFA,1,1,286,,1,1,0x244348,229,1.758720,07 01 00,True
584,0x00B042,1,1,287,,1,1,0x1413F8,129,0.990720,07 01 00,True
588,0x00B08A,1,1,0D3,,1,1,0x3E8684,139,1.067520,07 01 00,True
592,0x00B0D2,1,1,0D4,,1,1,0x3947B6,170,1.305600,07 01 00,True
596,0x00B11A,1,1,0D5,,1,1,0x364E36,117,0.898560,07 01 00,True
600,0x00B162,1,1,0D6,,1,1,0x365BEA,154,1.182720,07 01 00,True
644,0x00B1AA,1,1,061,,2,2,0x1BD250 0x2B3EE6,95 215,0.729600 1.651200,07 01 01 00,False
648,0x00B212,1,1,062,,1,1,0x1BDADC,315,2.419200,07 01 00,True
652,0x00B25A,1,1,063,,1,1,0x3A4638,62,0.476160,07 01 00,True
768,0x00B2A2,1,1,05A,,1,1,0x1BC250,224,1.720320,07 01 00,True
772,0x00B2EA,1,1,05B,,2,2,0x29A3DA 0x39CB9C,164 192,1.259520 1.474560,07 01 01 00,False
900,0x00B352,1,1,066,,1,1,0x204204,350,2.688000,07 01 00,True
904,0x00B39A,1,1,042 067,,2,2,0x20000E 0x30A52C,129 183,0.990720 1.405440,07 01 01 00,False
908,0x00B39A,1,1,068,,2,2,0x20000E 0x30A52C,129 183,0.990720 1.405440,07 01 01 00,False
912,0x00B402,1,1,069,,1,1,0x300984,382,2.933760,07 01 00,True
916,0x00B44A,1,1,06A,,1,1,0x30000E,56,0.430080,07 01 00,True
920,0x00B492,1,1,06B,,1,1,0x3004D8,54,0.414720,07 01 00,True
932,0x00B4DA,1,1,06E,,1,1,0x102A0A,86,0.660480,07 01 00,True
936,0x00B522,1,1,06F,,1,1,0x202D3C,246,1.889280,07 01 00,True
994,0x00B629,1,1,,stop channel 1,0,0,,,,00,False
995,0x00B62E,1,2,,stop channel 2,0,0,,,,00,False
996,0x00B633,1,3,,stop channel 3,0,0,,,,00,False
997,0x00B638,1,4,,stop channel 4,0,0,,,,00,False
1045,0x00B6EE,1,2,085,,1,1,0x2645B2,93,0.714240,07 01 00,True
1057,0x00B6EE,1,2,089,,1,1,0x2645B2,93,0.714240,07 01 00,True
1060,0x00B724,1,1,08A,,1,1,0x366E0A,100,0.768000,07 01 00,True
1063,0x00B75A,1,4,08B,,1,1,0x366E0A,100,0.768000,07 01 00,True
1081,0x00B77E,1,2,092,,1,1,0x122DFC,115,0.883200,07 01 00,True
1084,0x00B76C,1,1,093,,1,1,0x122DFC,115,0.883200,07 01 00,True
1087,0x00B7A2,1,4,094,,1,1,0x122DFC,115,0.883200,07 01 00,True
1116,0x00B7B4,1,1,071,,1,1,0x233CDC,70,0.537600,07 09 01 0B 00,True
1120,0x00B82C,1,1,072,,1,1,0x332926,94,0.721920,07 09 01 0B 00,True
1124,0x00B8A4,1,1,073,,1,1,0x125F64,94,0.721920,07 09 01 0B 00,True
1128,0x00B8A4,1,1,074,,1,1,0x125F64,94,0.721920,07 09 01 0B 00,True
1148,0x00B91C,1,1,079,,1,1,0x39BF8C,56,0.430080,07 01 00,True
1160,0x00B964,1,1,07C,,1,1,0x39C4C4,69,0.529920,07 09 01 0B 00,True
1180,0x00BA54,1,1,0CE,,1,1,0x1C9B24,337,2.588160,07 09 01 0B 00,True
1184,0x00BACC,1,1,0CF,,1,1,0x0696D8,340,2.611200,07 01 00,True
1188,0x00BB14,1,1,0D0,,1,1,0x0F4D0A,53,0.407040,07 09 01 0B 00,True
1192,0x00BB8C,1,1,0D1,,1,1,0x0F5B6C,146,1.121280,07 09 01 0B 00,True
1196,0x00BC04,1,1,082,,1,1,0x101B88,158,1.213440,07 01 00,True
1208,0x00BC94,1,1,0D2,,1,1,0x1CCBE8,146,1.121280,07 09 09 09 09 01 0B 0B 0B 0B 00,True
1220,0x00BE5C,1,1,0AE,,1,1,0x29BC0E,78,0.599040,07 09 01 0B 00,True
1224,0x00BED4,1,1,0AF,,1,1,0x3A3BB6,52,0.399360,07 09 01 0B 00,True
1228,0x00BF4C,1,1,099,,1,1,0x242418,89,0.683520,07 09 01 0B 00,True
1232,0x00BFC4,1,1,09A,,1,1,0x2432FE,84,0.645120,07 09 01 0B 00,True
1236,0x00C03C,1,1,041 0AB,,1,1,0x2009F8,117,0.898560,07 09 01 0B 00,True
1240,0x00C0B4,1,1,09C,,1,1,0x23E980,174,1.336320,07 09 01 0B 00,True
1244,0x00C12C,1,1,09D,,1,1,0x13BCC4,202,1.551360,07 09 01 0B 00,True
1248,0x00C1A4,1,1,09E,,1,1,0x23D15E,224,1.720320,07 09 01 0B 00,True
1252,0x00C21C,1,1,09F,,1,1,0x13D1F2,206,1.582080,07 09 01 0B 00,True
1256,0x00C12C,1,1,0A0,,1,1,0x13BCC4,202,1.551360,07 09 01 0B 00,True
1260,0x00C1A4,1,1,0A1,,1,1,0x23D15E,224,1.720320,07 09 01 0B 00,True
1264,0x00938C,1,1,0A2,,0,0,,,,00,False
1268,0x00C294,1,1,0A3,,1,1,0x10315A,558,4.285440,07 09 01 0B 00,True
1280,0x00C30C,1,1,076 0BF,,1,1,0x396130,179,1.374720,07 09 01 0B 00,True
1284,0x00C384,1,1,03C,,1,1,0x3A1E98,85,0.652800,07 01 00,True
1288,0x00C3CC,1,1,077 0A5 0C1,,1,1,0x2989BE,184,1.413120,07 09 01 0B 00,True
1296,0x00C444,1,1,078 0C3,,1,1,0x397BE0,197,1.512960,07 09 01 0B 00,True
1304,0x00C4BC,1,1,0C5,,1,1,0x22AE0C,241,1.850880,07 09 01 0B 00,True
1376,0x00C534,1,1,048,,1,1,0x226F9E,221,1.697280,07 09 01 0B 00,True
1436,0x00C5AC,1,1,043,,1,1,0x327EFE,166,1.274880,07 09 01 0B 00,True
1444,0x00C624,1,1,045,,1,1,0x123AAA,189,1.451520,07 09 01 0B 00,True
1448,0x00C69C,1,1,03E,,1,1,0x28CA50,199,1.528320,07 09 01 0B 00,True
1452,0x00C714,1,1,03F,,1,1,0x065664,158,1.213440,07 01 00,True
1456,0x00C75C,1,1,0C7,,1,1,0x3B5D5E,56,0.430080,07 01 00,True
1460,0x00C7A4,1,1,0C8,,1,1,0x3B63D0,55,0.422400,07 01 00,True
1472,0x00C7EC,1,1,0BC,,1,1,0x3F6B9E,279,2.142720,07 01 00,True
1476,0x00C834,1,1,0BD,,1,1,0x1FB1AE,298,2.288640,07 01 00,True
1480,0x00C87C,1,1,003,,1,1,0x31FAC6,213,1.635840,07 01 00,True
1484,0x00C8C4,1,1,0B9,,1,1,0x3F9CB4,198,1.520640,07 01 00,True
1488,0x00C90C,1,1,0BA,,1,1,0x322AEE,241,1.850880,07 01 00,True
1492,0x00C954,1,1,09B,,1,1,0x01B552,60,0.460800,07 09 09 09 09 01 0B 0B 0B 0B 00,True
1512,0x00CA5C,1,1,049,,1,1,0x11CE86,125,0.960000,07 01 00,True
1516,0x00CAA4,1,1,0C4,,1,1,0x13EC60,176,1.351680,07 01 00,True
1520,0x00CAEC,1,1,0BB,,1,1,0x2E86BA,296,2.273280,07 01 00,True
1556,0x00CB34,1,1,04A,,1,1,0x31C79C,52,0.399360,07 01 00,True
1560,0x00CB7C,1,1,04B,,1,1,0x31D9C2,42,0.322560,07 01 00,True
1564,0x00CBC4,1,1,04C,,1,1,0x225A0A,59,0.453120,07 01 00,True
1568,0x00CC0C,1,1,04D,,1,1,0x2E6B12,81,0.622080,07 01 00,True
1576,0x00CCCC,1,1,0A9,,1,1,0x3A06CC,69,0.529920,07 01 00,True
1580,0x00CD14,1,1,0C6,,1,1,0x31E802,167,1.282560,07 09 01 0B 00,True
1600,0x00CD8C,1,1,290,,1,1,0x0BED94,167,1.282560,07 01 00,True
1604,0x00CDD4,1,1,291,,1,1,0x0B9FEA,504,3.870720,07 01 00,True
1608,0x00CE1C,1,1,292,,1,1,0x0C0926,136,1.044480,07 01 00,True
1612,0x00CE64,1,1,293,,1,1,0x0B9DB2,15,0.115200,07 01 00,True
1616,0x00CEAC,1,1,039 294,,13,1,0x0B1246 0x0B1246 0x0B1246 0x0B1246 0x0B1246 0x0B1246 0x0B1246 0x0B1246 0x0B1246 0x0B1246 0x0B1246 0x0B1246 0x0B1246,14 14 14 14 14 14 14 14 14 14 14 14 14,0.107520 0.107520 0.107520 0.107520 0.107520 0.107520 0.107520 0.107520 0.107520 0.107520 0.107520 0.107520 0.107520,07 01 09 01 09 01 09 01 09 01 09 01 09 01 09 01 09 01 09 01 09 01 09 01 09 01 00,False
1620,0x00D164,1,1,295,,1,1,0x0B1566,386,2.964480,07 01 00,True
1624,0x00D1AC,1,1,296,,1,1,0x0B47D4,86,0.660480,07 01 00,True
1628,0x00D1F4,1,1,297,,2,1,0x0B5594 0x0B5594,30 30,0.230400 0.230400,07 01 01 00,False
1632,0x00D25C,1,1,298,,2,2,0x0B5C06 0x0B8D7C,252 56,1.935360 0.430080,07 01 01 00,False
1636,0x00D2C4,1,1,299,,1,1,0x0B98B4,35,0.268800,07 01 00,True
2560,0x00D47B,1,1,1FB,,1,1,0x25EA4E,280,2.150400,07 01 00,True
2564,0x00D4C3,1,1,1FC,,1,1,0x17F4C4,310,2.380800,07 01 00,True
2568,0x00D50B,1,1,1FD,,1,1,0x2612FA,540,4.147200,07 01 00,True
2572,0x00D553,1,1,1FF,,1,1,0x362540,446,3.425280,07 01 00,True
2576,0x00D59B,1,1,1FE,,1,1,0x1818EC,456,3.502080,07 01 00,True
3072,0x00D5E3,1,1,0E0,,1,1,0x1DA22C,593,4.554240,07 09 01 0B 00,True
3076,0x00D65B,1,1,0E1,,1,1,0x3D2C94,40,0.307200,07 09 01 0B 00,True
3080,0x00D6D3,1,1,0E2,,1,1,0x3D2FB8,44,0.337920,07 09 01 0B 00,True
3084,0x00D74B,1,1,0E3,,1,1,0x3D3350,51,0.391680,07 09 01 0B 00,True
3088,0x00D7C3,1,1,0E4,,1,1,0x3D3724,54,0.414720,07 09 01 0B 00,True
3092,0x00D83B,1,1,0E5,,1,1,0x3EB110,60,0.460800,07 09 01 0B 00,True
3096,0x00D8B3,1,1,0E6,,1,1,0x3EB628,59,0.453120,07 09 01 0B 00,True
3100,0x00D92B,1,1,0E7,,1,1,0x2DCA0C,64,0.491520,07 09 01 0B 00,True
3104,0x00D9A3,1,1,0E8,,1,1,0x3EBB7E,72,0.552960,07 09 01 0B 00,True
3108,0x00DA1B,1,1,0E9,,1,1,0x3E9604,59,0.453120,07 09 01 0B 00,True
3112,0x00DA93,1,1,0EA,,1,1,0x2D9990,63,0.483840,07 09 01 0B 00,True
3116,0x00DB0B,1,1,0EB,,1,1,0x3E9B28,70,0.537600,07 09 01 0B 00,True
3120,0x00DB83,1,1,0EC,,1,1,0x2D9EE6,73,0.560640,07 09 01 0B 00,True
3124,0x00DBFB,1,1,0ED,,1,1,0x1E7376,249,1.912320,07 09 01 0B 00,True
3128,0x00DC73,1,1,0EE,,1,1,0x2C871C,155,1.190400,07 09 01 0B 00,True
3132,0x00DCEB,1,1,0EF,,1,1,0x2CC1DC,112,0.860160,07 09 01 0B 00,True
3136,0x00DD63,1,1,0F0,,1,1,0x1D0BDE,204,1.566720,07 09 01 0B 00,True
3140,0x00DDDB,1,1,0F1,,1,1,0x3E5374,114,0.875520,07 09 01 0B 00,True
3144,0x00DE53,1,1,0F2,,2,2,0x2C2524 0x3EDB56,143 323,1.098240 2.480640,07 09 01 01 0B 00,False
3148,0x00DEEB,1,1,0F3,,1,1,0x1F0C50,78,0.599040,07 09 01 0B 00,True
3152,0x00DF63,1,1,0F4,,1,1,0x3EC1C4,86,0.660480,07 09 01 0B 00,True
3156,0x00DFDB,1,1,0F5,,1,1,0x3EC9A6,85,0.652800,07 09 01 0B 00,True
3160,0x00E053,1,1,0F6,,1,1,0x2DD89A,103,0.791040,07 09 01 0B 00,True
3164,0x00E0CB,1,1,0F7,,1,1,0x2B8A68,75,0.576000,07 09 01 0B 00,True
3168,0x00E143,1,1,0F8,,1,1,0x2B90C0,69,0.529920,07 09 01 0B 00,True
3172,0x00E1BB,1,1,0F9,,1,1,0x2B974A,75,0.576000,07 09 01 0B 00,True
3176,0x00E233,1,1,0FA,,1,1,0x2B9E7A,78,0.599040,07 09 01 0B 00,True
3180,0x00E2AB,1,1,0FB,,1,1,0x3DBD66,51,0.391680,07 09 01 0B 00,True
3184,0x00E323,1,1,0FC,,1,1,0x3DC1F8,47,0.360960,07 09 01 0B 00,True
3188,0x00E39B,1,1,0FD,,1,1,0x3DC688,49,0.376320,07 09 01 0B 00,True
3192,0x00E413,1,1,0FE,,1,1,0x2CFD96,61,0.468480,07 09 01 0B 00,True
3196,0x00E48B,1,1,0FF,,1,1,0x3D609E,60,0.460800,07 09 01 0B 00,True
3200,0x00E503,1,1,100,,1,1,0x2CCB96,60,0.460800,07 09 01 0B 00,True
3204,0x00E57B,1,1,101,,1,1,0x3D65C2,62,0.476160,07 09 01 0B 00,True
3208,0x00E5F3,1,1,102,,1,1,0x3D6B76,58,0.445440,07 09 01 0B 00,True
3212,0x00E66B,1,1,103,,1,1,0x2E5F50,62,0.476160,07 09 01 0B 00,True
3216,0x00E6E3,1,1,104,,1,1,0x2E6540,60,0.460800,07 09 01 0B 00,True
3220,0x00E75B,1,1,105,,1,1,0x1FAB0A,65,0.499200,07 09 01 0B 00,True
3224,0x00E7D3,1,1,106,,1,1,0x3F653C,66,0.506880,07 09 01 0B 00,True
3228,0x00E84B,1,1,107 134,,1,1,0x2CA432,147,1.128960,07 09 01 0B 00,True
3232,0x00E8C3,1,1,108 135,,1,1,0x2E24A4,220,1.689600,07 09 01 0B 00,True
3236,0x00E93B,1,1,109,,2,2,0x3D70B0 0x3CBB8E,164 53,1.259520 0.407040,07 09 01 01 0B 00,False
3240,0x00E9D3,1,1,10A,,2,2,0x3D70B0 0x3CC014,164 115,1.259520 0.883200,07 09 01 01 0B 00,False
3244,0x00EA6B,1,1,10B,,2,2,0x3D70B0 0x2BC7C4,164 105,1.259520 0.806400,07 09 01 01 0B 00,False
3248,0x00EB03,1,1,10C,,2,2,0x3D70B0 0x1D47B6,164 115,1.259520 0.883200,07 09 01 01 0B 00,False
3252,0x00EB9B,1,1,10D,,2,2,0x3D70B0 0x1D3B38,164 132,1.259520 1.013760,07 09 01 01 0B 00,False
3256,0x00EC33,1,1,10E,,2,2,0x3D70B0 0x2BBF1C,164 101,1.259520 0.775680,07 09 01 01 0B 00,False
3260,0x00ECCB,1,1,10F,,2,2,0x3D70B0 0x3CB39A,164 98,1.259520 0.752640,07 09 01 01 0B 00,False
3264,0x00ED63,1,1,110,,2,2,0x3D70B0 0x2BD1C6,164 134,1.259520 1.029120,07 09 01 01 0B 00,False
3268,0x00EDFB,1,1,167,,2,2,0x3D1E52 0x3CBB8E,165 53,1.267200 0.407040,07 09 01 01 0B 00,False
3272,0x00EE93,1,1,168,,2,2,0x3D1E52 0x3CC014,165 115,1.267200 0.883200,07 09 01 01 0B 00,False
3276,0x00EF2B,1,1,169,,2,2,0x3D1E52 0x2BC7C4,165 105,1.267200 0.806400,07 09 01 01 0B 00,False
3280,0x00EFC3,1,1,16A,,2,2,0x3D1E52 0x1D3B38,165 132,1.267200 1.013760,07 09 01 01 0B 00,False
3284,0x00F05B,1,1,16B,,2,2,0x3D1E52 0x1D47B6,165 115,1.267200 0.883200,07 09 01 01 0B 00,False
3288,0x00F0F3,1,1,16C,,2,2,0x3D1E52 0x2BBF1C,165 101,1.267200 0.775680,07 09 01 01 0B 00,False
3292,0x00F18B,1,1,16D,,2,2,0x3D1E52 0x3CB39A,165 98,1.267200 0.752640,07 09 01 01 0B 00,False
3296,0x00F223,1,1,16E,,2,2,0x3D1E52 0x2BD1C6,165 134,1.267200 1.029120,07 09 01 01 0B 00,False
3300,0x00F2BB,1,1,13D,,1,1,0x2C942C,176,1.351680,07 09 01 0B 00,True
3308,0x00F3AB,1,1,158,,1,1,0x1F3524,191,1.466880,07 09 01 0B 00,True
3312,0x00F423,1,1,157,,1,1,0x1DFDDC,294,2.257920,07 09 01 0B 00,True
3316,0x00F49B,1,1,148,,1,1,0x1F1DD6,139,1.067520,07 09 01 0B 00,True
3320,0x00F513,1,1,149,,1,1,0x1E9C86,229,1.758720,07 09 01 0B 00,True
3324,0x00F58B,1,1,14A,,1,1,0x2CF6CC,78,0.599040,07 09 01 0B 00,True
3328,0x00F603,1,1,13E,,1,1,0x1E2BF4,122,0.936960,07 09 01 0B 00,True
3332,0x00F67B,1,1,14B,,1,1,0x2DBDCE,131,1.006080,07 09 01 0B 00,True
3336,0x00F6F3,1,1,14C,,1,1,0x3C907C,92,0.706560,07 09 01 0B 00,True
3352,0x00F76B,1,1,14E,,1,1,0x3E5DF8,160,1.228800,07 09 01 0B 00,True
3356,0x00F7E3,1,1,12A,,1,1,0x2C57E8,203,1.559040,07 09 01 0B 00,True
3360,0x00F85B,1,1,129,,1,1,0x1D7BFE,321,2.465280,07 09 01 0B 00,True
3364,0x00F8D3,1,1,14F,,1,1,0x1DF240,131,1.006080,07 09 01 0B 00,True
3368,0x00F94B,1,1,13F,,1,1,0x3CA6E2,135,1.036800,07 09 01 0B 00,True
3372,0x00F9C3,1,1,150,,1,1,0x1F98FC,199,1.528320,07 09 01 0B 00,True
3376,0x00F9C3,1,1,151,,1,1,0x1F98FC,199,1.528320,07 09 01 0B 00,True
3384,0x00FA3B,1,1,141,,1,1,0x2B70E6,133,1.021440,07 09 01 0B 00,True
3388,0x00FA3B,1,1,142,,1,1,0x2B70E6,133,1.021440,07 09 01 0B 00,True
3392,0x00FAB3,1,1,147,,1,1,0x1EB110,255,1.958400,07 09 01 0B 00,True
3396,0x00FAB3,1,1,145,,1,1,0x1EB110,255,1.958400,07 09 01 0B 00,True
3400,0x00FB2B,1,1,146,,1,1,0x2CE85C,174,1.336320,07 09 01 0B 00,True
3404,0x00FBA3,1,1,152,,1,1,0x3C82D6,153,1.175040,07 09 01 0B 00,True
3412,0x00FC1B,1,1,111,,2,2,0x2DE23A 0x3DEB6A,121 115,0.929280 0.883200,07 09 01 01 0B 00,False
3416,0x00FCB3,1,1,112,,2,2,0x2DE23A 0x3DFBA8,121 115,0.929280 0.883200,07 09 01 01 0B 00,False
3420,0x00FD4B,1,1,113,,2,2,0x2DE23A 0x1E4A6A,121 113,0.929280 0.867840,07 09 01 01 0B 00,False
3424,0x00FDE3,1,1,114,,2,2,0x2DE23A 0x1E5478,121 180,0.929280 1.382400,07 09 01 01 0B 00,False
3428,0x00FE7B,1,1,115,,2,2,0x2DE23A 0x2DF636,121 128,0.929280 0.983040,07 09 01 01 0B 00,False
3432,0x00FF13,1,1,116,,2,2,0x2DE23A 0x1F6B48,121 110,0.929280 0.844800,07 09 01 01 0B 00,False
3436,0x00FFAB,1,1,117,,2,2,0x2DE23A 0x3E06BC,121 166,0.929280 1.274880,07 09 01 01 0B 00,False
3440,0x010043,1,1,118,,2,2,0x2DE23A 0x1E64C0,121 153,0.929280 1.175040,07 09 01 01 0B 00,False
3444,0x0100DB,1,1,119,,2,2,0x3F14FC 0x3DEB6A,183 115,1.405440 0.883200,07 09 01 01 0B 00,False
3448,0x010173,1,1,11A,,2,2,0x3F14FC 0x3DFBA8,183 115,1.405440 0.883200,07 09 01 01 0B 00,False
3452,0x01020B,1,1,11B,,2,2,0x3F14FC 0x1E4A6A,183 113,1.405440 0.867840,07 09 01 01 0B 00,False
3456,0x0102A3,1,1,11C,,2,2,0x3F14FC 0x1E5478,183 180,1.405440 1.382400,07 09 01 01 0B 00,False
3460,0x01033B,1,1,11D,,2,2,0x3F14FC 0x2DF636,183 128,1.405440 0.983040,07 09 01 01 0B 00,False
3464,0x0103D3,1,1,11E,,2,2,0x3F14FC 0x1F6B48,183 110,1.405440 0.844800,07 09 01 01 0B 00,False
3468,0x01046B,1,1,11F,,2,2,0x3F14FC 0x3E06BC,183 166,1.405440 1.274880,07 09 01 01 0B 00,False
3472,0x010503,1,1,120,,2,2,0x3F14FC 0x1E64C0,183 153,1.405440 1.175040,07 09 01 01 0B 00,False
3476,0x01059B,1,1,121,,2,2,0x3F266C 0x2DEC00,67 126,0.514560 0.967680,07 09 01 01 0B 00,False
3480,0x010633,1,1,122,,2,2,0x3F266C 0x1F7464,67 130,0.514560 0.998400,07 09 01 01 0B 00,False
3484,0x0106CB,1,1,123,,2,2,0x3F266C 0x3F2C24,67 104,0.514560 0.798720,07 09 01 01 0B 00,False
3488,0x010763,1,1,124,,2,2,0x3F266C 0x1E5478,67 180,0.514560 1.382400,07 09 01 01 0B 00,False
3492,0x0107FB,1,1,125,,2,2,0x3F266C 0x2DF636,67 128,0.514560 0.983040,07 09 01 01 0B 00,False
3496,0x010893,1,1,126,,2,2,0x3F266C 0x1F6B48,67 110,0.514560 0.844800,07 09 01 01 0B 00,False
3500,0x01092B,1,1,127,,2,2,0x3F266C 0x3E06BC,67 166,0.514560 1.274880,07 09 01 01 0B 00,False
3504,0x0109C3,1,1,128,,2,2,0x3F266C 0x1F7EAC,67 139,0.514560 1.067520,07 09 01 01 0B 00,False
3508,0x010A5B,1,1,138,,1,1,0x2CD0F2,172,1.320960,07 09 01 0B 00,True
3512,0x010AD3,1,1,139,,1,1,0x3C9922,171,1.313280,07 09 01 0B 00,True
3516,0x010B4B,1,1,13A,,1,1,0x2B507C,356,2.734080,07 09 01 0B 00,True
3532,0x010BC3,1,1,13B,,1,1,0x3ED16E,112,0.860160,07 09 01 0B 00,True
3536,0x010C3B,1,1,153,,1,1,0x3E2320,118,0.906240,07 09 01 0B 00,True
3540,0x010CB3,1,1,154,,1,1,0x1E180E,219,1.681920,07 09 01 0B 00,True
3544,0x010D2B,1,1,155,,1,1,0x3E2DE6,113,0.867840,07 09 01 0B 00,True
3548,0x010DA3,1,1,156,,1,1,0x2E4CF2,151,1.159680,07 09 01 0B 00,True
3556,0x010E93,1,1,143,,1,1,0x3DCB58,148,1.136640,07 09 01 0B 00,True
3564,0x010F0B,1,1,13C,,1,1,0x3D3B60,173,1.328640,07 09 01 0B 00,True
3568,0x010F83,1,1,144,,1,1,0x2D6F7A,162,1.244160,07 09 01 0B 00,True
3580,0x010FFB,1,1,159,,1,1,0x1D051C,73,0.560640,07 09 01 0B 00,True
3584,0x011073,1,1,15A,,1,1,0x3DF4BC,82,0.629760,07 09 01 0B 00,True
3588,0x0110EB,1,1,15B,,1,1,0x3E3D74,131,1.006080,07 09 01 0B 00,True
3592,0x011163,1,1,15C,,1,1,0x1ED310,100,0.768000,07 09 01 0B 00,True
3600,0x0111DB,1,1,15E,,1,1,0x1F1336,120,0.921600,07 09 01 0B 00,True
3604,0x011253,1,1,15F,,1,1,0x3E4868,131,1.006080,07 09 01 0B 00,True
3608,0x0112CB,1,1,160,,1,1,0x3E14D2,149,1.144320,07 09 01 0B 00,True
3612,0x011343,1,1,161,,1,1,0x1E894A,217,1.666560,07 09 01 0B 00,True
3616,0x0113BB,1,1,162,,1,1,0x2D7D9A,127,0.975360,07 09 01 0B 00,True
3624,0x011433,1,1,164,,1,1,0x1E3678,225,1.728000,07 09 01 0B 00,True
3628,0x0114AB,1,1,136,,1,1,0x2BDEB0,247,1.896960,07 09 01 0B 00,True
3632,0x011523,1,1,165,,1,1,0x2C69C4,168,1.290240,07 09 01 0B 00,True
3636,0x01159B,1,1,166,,1,1,0x2D5824,252,1.935360,07 09 01 0B 00,True
3640,0x011613,1,1,12B,,1,1,0x2DEC00,126,0.967680,07 09 01 0B 00,True
3644,0x01168B,1,1,12C,,1,1,0x1F7464,130,0.998400,07 09 01 0B 00,True
3648,0x011703,1,1,12D,,1,1,0x3F2C24,104,0.798720,07 09 01 0B 00,True
3652,0x01177B,1,1,12E,,1,1,0x1E5478,180,1.382400,07 09 01 0B 00,True
3656,0x0117F3,1,1,12F,,1,1,0x2DF636,128,0.983040,07 09 01 0B 00,True
3660,0x01186B,1,1,130,,1,1,0x1F6B48,110,0.844800,07 09 01 0B 00,True
3664,0x0118E3,1,1,131,,1,1,0x3E06BC,166,1.274880,07 09 01 0B 00,True
3668,0x01195B,1,1,132,,1,1,0x1F7EAC,139,1.067520,07 09 01 0B 00,True
3672,0x0119D3,1,1,133,,1,1,0x2D3170,65,0.499200,07 09 01 0B 00,True
3680,0x011AC3,1,1,16F,,1,1,0x2D380A,214,1.643520,07 09 01 0B 00,True
3684,0x011B3B,1,1,170,,1,1,0x3F56E6,166,1.274880,07 09 01 0B 00,True
3688,0x011BB3,1,1,171,,1,1,0x2C320A,222,1.704960,07 09 01 0B 00,True
3724,0x011C2B,1,1,17A,,1,1,0x3F35A6,266,2.042880,07 09 01 0B 00,True
3728,0x011CA3,1,1,17B,,1,1,0x3DA50C,259,1.989120,07 09 01 0B 00,True
3736,0x011D1B,1,1,17D,,1,1,0x3E6DA0,268,2.058240,07 09 01 0B 00,True
3740,0x011D93,1,1,17E,,1,1,0x2E36B0,90,0.691200,07 09 01 0B 00,True
3744,0x011E0B,1,1,17F,,1,1,0x3F00A4,238,1.827840,07 09 01 0B 00,True
3748,0x011E83,1,1,180,,1,1,0x3DD6BE,224,1.720320,07 09 01 0B 00,True
3752,0x011EFB,1,1,181,,1,1,0x3D0CE6,189,1.451520,07 09 01 0B 00,True
3756,0x011F73,1,1,182,,1,1,0x1EDBE6,209,1.605120,07 09 01 0B 00,True
3760,0x011FEB,1,1,183,,1,1,0x2E0112,157,1.205760,07 09 01 0B 00,True
3764,0x012063,1,1,184,,1,1,0x3EF79E,93,0.714240,07 09 01 0B 00,True
3768,0x0120DB,1,1,185,,1,1,0x1F29F2,126,0.967680,07 09 01 0B 00,True
3776,0x012153,1,1,187,,1,1,0x2DA550,265,2.035200,07 09 01 0B 00,True
3780,0x0121CB,1,1,188,,2,2,0x3F4DFA 0x1ECBF2,49 71,0.376320 0.545280,07 09 01 01 0B 00,False
3788,0x012263,1,1,18A,,2,2,0x3F4DFA 0x2DCFA0,49 110,0.376320 0.844800,07 09 01 01 0B 00,False
3792,0x0122FB,1,1,18B,,1,1,0x1F8B88,157,1.205760,07 09 01 0B 00,True
3796,0x012373,1,1,18C,,1,1,0x2B7E36,121,0.929280,07 09 01 0B 00,True
3800,0x0123EB,1,1,18D,,2,2,0x2CE07A 0x2B7E36,78 121,0.599040 0.929280,07 09 01 01 0B 00,False
3808,0x012483,1,1,18F,,1,1,0x3D5A24,66,0.506880,07 09 01 0B 00,True
3844,0x0124FB,1,1,198,,1,1,0x2BF4B4,174,1.336320,07 09 01 0B 00,True
3852,0x012573,1,1,19A,,1,1,0x3F5192,66,0.506880,07 09 01 0B 00,True
3856,0x0125EB,1,1,19B,,1,1,0x2E1DA6,79,0.606720,07 09 01 0B 00,True
3860,0x012663,1,1,19C,,1,1,0x3D0286,114,0.875520,07 09 01 0B 00,True
3864,0x0126DB,1,1,19D,,1,1,0x3D9B52,99,0.760320,07 09 01 0B 00,True
3868,0x012753,1,1,19E,,1,1,0x2C0460,155,1.190400,07 09 01 0B 00,True
3872,0x0127CB,1,1,19F,,1,1,0x2D4BBA,147,1.128960,07 09 01 0B 00,True
3876,0x012843,1,1,1A0,,1,1,0x3EA1BC,164,1.259520,07 09 01 0B 00,True
3880,0x0128BB,1,1,1A1,,1,1,0x2E3EA6,156,1.198080,07 09 01 0B 00,True
3884,0x012933,1,1,1A2,,1,1,0x1D527E,152,1.167360,07 09 01 0B 00,True
3888,0x0129AB,1,1,1A3,,1,1,0x2D2014,206,1.582080,07 09 01 0B 00,True
3892,0x012A23,1,1,1A4,,1,1,0x3D7FB0,308,2.365440,07 09 01 0B 00,True
3896,0x012A9B,1,1,1A5,,1,1,0x3E386A,58,0.445440,07 09 01 0B 00,True
3900,0x012B13,1,1,1A6,,1,1,0x2E59C2,66,0.506880,07 09 01 0B 00,True
3904,0x012B8B,1,1,1A7,,1,1,0x2CB1F6,174,1.336320,07 09 01 0B 00,True
3908,0x012C03,1,1,1A8,,1,1,0x2E0EAC,176,1.351680,07 09 01 0B 00,True
3916,0x012C7B,1,1,1AA,,1,1,0x1D1FE6,294,2.257920,07 09 01 0B 00,True
3924,0x012CF3,1,1,1AC,,1,1,0x1EED24,151,1.159680,07 09 01 0B 00,True
3928,0x012D6B,1,1,1AD,,1,1,0x2BA5FE,260,1.996800,07 09 01 0B 00,True
3932,0x012DE3,1,1,1AE,,1,1,0x1D98EC,102,0.783360,07 09 01 0B 00,True
3980,0x012E5B,1,1,1BA,,1,1,0x1DD446,323,2.480640,07 09 01 0B 00,True
3984,0x012ED3,1,1,1BB,,1,1,0x1EFA4C,190,1.459200,07 09 01 0B 00,True
3988,0x012F4B,1,1,1BC,,1,1,0x3D4AFE,158,1.213440,07 09 01 0B 00,True
3992,0x012FC3,1,1,190,,1,1,0x2D03B6,307,2.357760,07 09 01 0B 00,True
3996,0x01303B,1,1,191,,1,1,0x1F458A,414,3.179520,07 09 01 0B 00,True
4000,0x0130B3,1,1,192,,1,1,0x1D60E8,303,2.327040,07 09 01 0B 00,True
4500,0x01312B,1,1,200,,1,1,0x32CEE8,48,0.368640,07 09 01 0B 00,True
4504,0x0131A3,1,1,201,,1,1,0x32D3A2,60,0.460800,07 09 01 0B 00,True
4508,0x01321B,1,1,202,,1,1,0x23243E,63,0.483840,07 09 01 0B 00,True
4512,0x013293,1,1,203,,1,1,0x3419BC,77,0.591360,07 09 01 0B 00,True
4516,0x013293,1,1,204,,1,1,0x3419BC,77,0.591360,07 09 01 0B 00,True
4520,0x013293,1,1,205,,1,1,0x3419BC,77,0.591360,07 09 01 0B 00,True
4524,0x01330B,1,1,206,,1,1,0x334A4E,43,0.330240,07 01 00,True
4528,0x01330B,1,1,234,,1,1,0x334A4E,43,0.330240,07 01 00,True
4532,0x013353,1,1,235,,1,1,0x334E0C,36,0.276480,07 01 00,True
4536,0x01339B,1,1,207,,1,1,0x3310A0,103,0.791040,07 01 00,True
4540,0x0133E3,1,1,208,,1,1,0x33022E,143,1.098240,07 01 00,True
4548,0x01342B,1,1,20A,,1,1,0x132C88,117,0.898560,07 09 01 0B 00,True
4552,0x01342B,1,1,20B,,1,1,0x132C88,117,0.898560,07 09 01 0B 00,True
4556,0x0134A3,1,1,20C,,1,1,0x12DF3A,107,0.821760,07 09 01 0B 00,True
4560,0x01351B,1,1,20D,,1,1,0x33199C,148,1.136640,07 09 01 0B 00,True
4564,0x013593,1,1,20E,,1,1,0x12C53A,245,1.881600,07 09 01 0B 00,True
4568,0x01360B,1,1,20F,,1,1,0x12EAAC,168,1.290240,07 01 00,True
4572,0x013653,1,1,210,,1,1,0x3332E4,126,0.967680,07 01 00,True
4576,0x01369B,1,1,211,,1,1,0x13050C,156,1.198080,07 01 00,True
4580,0x0136E3,1,1,212,,1,1,0x33F58E,164,1.259520,07 01 00,True
4584,0x0136E3,1,1,213,,1,1,0x33F58E,164,1.259520,07 01 00,True
4592,0x01372B,1,1,215,,1,1,0x32BC14,39,0.299520,07 01 00,True
4596,0x013773,1,1,216,,1,1,0x32BEFE,40,0.307200,07 01 00,True
4600,0x0137BB,1,1,217,,1,1,0x32C220,48,0.368640,07 01 00,True
4604,0x013803,1,1,218,,1,1,0x32C5B8,94,0.721920,07 01 00,True
4608,0x01384B,1,1,219,,10,7,0x3420FC 0x3426CA 0x23784E 0x3420FC 0x237E16 0x342B22 0x23784E 0x237E16 0x3430BE 0x3433BA,60 51 62 60 58 70 62 58 42 76,0.460800 0.391680 0.476160 0.460800 0.445440 0.537600 0.476160 0.445440 0.322560 0.583680,07 09 01 01 01 01 01 01 01 01 01 01 0B 00,False
4612,0x0139E3,1,1,21A,,6,6,0x235096 0x340488 0x1340E0 0x235B86 0x340E18 0x2362CA,126 102 117 81 111 85,0.967680 0.783360 0.898560 0.622080 0.852480 0.652800,07 09 01 01 01 01 01 01 0F 0B 00,False
4616,0x013AFE,1,1,21B,,1,1,0x335158,49,0.376320,07 01 00,True
4620,0x013B46,1,1,21C,,1,1,0x3355DE,40,0.307200,07 01 00,True
4624,0x013B8E,1,1,21D,,1,1,0x3299EE,113,0.867840,07 01 00,True
4628,0x013BD6,1,1,21E,,1,1,0x32A592,111,0.852480,07 01 00,True
4632,0x013C1E,1,1,21F,,1,1,0x32B0A2,122,0.936960,07 01 00,True
4636,0x013C66,1,1,220,,1,1,0x12FBA8,94,0.721920,07 01 00,True
4640,0x013C66,1,1,221,,1,1,0x12FBA8,94,0.721920,07 01 00,True
4644,0x013CAE,1,1,222,,1,1,0x2329FC,180,1.382400,07 01 00,True
4648,0x013CF6,1,1,223,,1,1,0x129766,175,1.344000,07 01 00,True
4652,0x013D3E,1,1,224,,1,1,0x333E14,39,0.299520,07 01 00,True
4656,0x013D3E,1,1,225,,1,1,0x333E14,39,0.299520,07 01 00,True
4660,0x013D3E,1,1,226,,1,1,0x333E14,39,0.299520,07 01 00,True
4664,0x013D3E,1,1,227,,1,1,0x333E14,39,0.299520,07 01 00,True
4668,0x013D3E,1,1,228,,1,1,0x333E14,39,0.299520,07 01 00,True
4672,0x013D86,1,1,229,,1,1,0x12695C,159,1.221120,07 01 00,True
4676,0x013D86,1,1,22A,,1,1,0x12695C,159,1.221120,07 01 00,True
4680,0x013DCE,1,1,22B,,1,1,0x231E20,68,0.522240,07 09 01 0B 00,True
4684,0x013E46,1,1,22C,,1,1,0x236AEA,67,0.514560,07 09 01 0B 00,True
4688,0x013EBE,1,1,22D,,1,1,0x23716A,76,0.583680,07 09 01 0B 00,True
4692,0x013F36,1,1,22E,,1,1,0x12A9B0,129,0.990720,07 09 01 0B 00,True
4696,0x013FAE,1,1,22F,,1,1,0x12B744,138,1.059840,07 09 01 0B 00,True
4700,0x014026,1,1,230,,1,1,0x3341DA,104,0.798720,07 09 01 0B 00,True
4704,0x014026,1,1,231,,1,1,0x3341DA,104,0.798720,07 09 01 0B 00,True
4708,0x01409E,1,1,232,,1,1,0x13390E,85,0.652800,07 09 01 0B 00,True
4712,0x014116,1,1,233,,1,1,0x234426,123,0.944640,07 09 01 0B 00,True
4800,0x01418E,1,1,236,,1,1,0x22227C,146,1.121280,07 01 00,True
4804,0x0141D6,1,1,237,,1,1,0x21B96E,145,1.113600,07 01 00,True
4808,0x01421E,1,1,238,,1,1,0x3142B4,98,0.752640,07 01 00,True
4812,0x014266,1,1,239,,1,1,0x312F36,45,0.345600,07 01 00,True
4816,0x0142AE,1,1,23A,,1,1,0x3182D0,92,0.706560,07 01 00,True
4820,0x0142F6,1,1,23B,,1,1,0x21C41C,72,0.552960,07 01 00,True
4824,0x01433E,1,1,23C,,6,6,0x220432 0x2209DA 0x3156A6 0x10F558 0x221400 0x315F14,68 107 96 100 150 125,0.522240 0.821760 0.737280 0.768000 1.152000 0.960000,07 09 01 01 01 01 01 01 0B 00,False
4828,0x014456,1,1,23D,,1,1,0x31337E,54,0.414720,07 01 00,True
4832,0x01449E,1,1,23E,,1,1,0x21D68E,81,0.622080,07 01 00,True
4836,0x0144E6,1,1,23F,,1,1,0x21DD88,71,0.545280,07 01 00,True
4840,0x01452E,1,1,240,,1,1,0x21E456,64,0.491520,07 01 00,True
4844,0x014576,1,1,241,,1,1,0x31381C,57,0.437760,07 01 00,True
4848,0x0145BE,1,1,242,,1,1,0x313DF2,51,0.391680,07 01 00,True
4852,0x014606,1,1,243,,1,1,0x311948,86,0.660480,07 01 00,True
4856,0x01464E,1,1,244,,1,1,0x3121F6,85,0.652800,07 01 00,True
4860,0x014696,1,1,245,,1,1,0x310B78,145,1.113600,07 01 00,True
4864,0x0146DE,1,1,246,,1,1,0x109F44,152,1.167360,07 01 00,True
4868,0x014726,1,1,247,,1,1,0x218FFE,117,0.898560,07 01 00,True
4872,0x01476E,1,1,248,,1,1,0x219952,111,0.852480,07 01 00,True
4876,0x0147B6,1,1,249,,1,1,0x1095C0,105,0.806400,07 01 00,True
4880,0x0147FE,1,1,24A,,1,1,0x312A80,48,0.368640,07 01 00,True
4884,0x014846,1,1,24B,,1,1,0x21B1C0,76,0.583680,07 01 00,True
4888,0x01488E,1,1,24C,,1,1,0x10CC4A,70,0.537600,07 01 00,True
4892,0x0148D6,1,1,24D,,1,1,0x21FE8C,58,0.445440,07 01 00,True
4896,0x01491E,1,1,24E,,1,1,0x10EA68,102,0.783360,07 01 00,True
4900,0x014966,1,1,24F,,1,1,0x317B7C,66,0.506880,07 01 00,True
4904,0x0149AE,1,1,250,,1,1,0x31489E,62,0.476160,07 09 01 0B 00,True
4908,0x014A26,1,1,251,,1,1,0x314DD2,46,0.353280,07 09 01 0B 00,True
4912,0x014A9E,1,1,252,,1,1,0x10DB54,69,0.529920,07 09 01 0B 00,True
4916,0x014B16,1,1,253,,1,1,0x21EA36,65,0.499200,07 09 01 0B 00,True
4920,0x014B8E,1,1,254,,1,1,0x21F084,65,0.499200,07 09 01 0B 00,True
4924,0x014C06,1,1,255,,1,1,0x21F62E,83,0.637440,07 09 01 0B 00,True
4928,0x014C7E,1,1,256,,1,1,0x10E280,79,0.606720,07 09 01 0B 00,True
4932,0x014CF6,1,1,257,,1,1,0x3151DA,48,0.368640,07 09 01 0B 00,True
4936,0x014D6E,1,1,258,,1,1,0x220432,68,0.522240,07 09 01 0B 00,True
4940,0x014DE6,1,1,259,,1,1,0x3156A6,96,0.737280,07 09 01 0B 00,True
4944,0x014E5E,1,1,25A,,1,1,0x2209DA,107,0.821760,07 09 01 0B 00,True
4948,0x014ED6,1,1,25B,,1,1,0x10F558,100,0.768000,07 09 01 0B 00,True
4952,0x014F4E,1,1,25C,,1,1,0x10D3FC,72,0.552960,07 09 01 0B 00,True
4956,0x014FC6,1,1,25D,,1,1,0x223A72,69,0.529920,07 09 01 0B 00,True
4960,0x01503E,1,1,25E,,1,1,0x3174D8,78,0.599040,07 09 01 0B 00,True
4964,0x0150B6,1,1,25F,,1,1,0x10FEC0,108,0.829440,07 09 01 0B 00,True
4968,0x01512E,1,1,260,,1,1,0x224042,263,2.019840,07 09 01 0B 00,True
4972,0x0151A6,1,1,261,,1,1,0x21CA28,117,0.898560,07 09 01 0B 00,True
4976,0x01521E,1,1,262,,1,1,0x222F0E,104,0.798720,07 09 01 0B 00,True
4980,0x015296,1,1,263,,1,1,0x316A5C,99,0.760320,07 09 01 0B 00,True
4984,0x01530E,1,1,264,,1,1,0x10AE1E,166,1.274880,07 09 01 0B 00,True
4988,0x015386,1,1,265,,1,1,0x21A316,129,0.990720,07 09 01 0B 00,True
4992,0x0153FE,1,1,266,,1,1,0x10BE4C,132,1.013760,07 09 01 0B 00,True
5000,0x015476,1,1,267,,1,1,0x347BE2,65,0.499200,07 09 01 0B 00,True
5004,0x0154EE,1,1,268,,1,1,0x34821C,66,0.506880,07 09 01 0B 00,True
5008,0x015566,1,1,269,,1,1,0x13577E,63,0.483840,07 09 01 0B 00,True
5012,0x0155DE,1,1,26A,,1,1,0x239360,55,0.422400,07 09 01 0B 00,True
5016,0x015656,1,1,26B,,1,1,0x3487F2,49,0.376320,07 09 01 0B 00,True
5020,0x0156CE,1,1,26C,,1,1,0x2398B2,62,0.476160,07 09 01 0B 00,True
5024,0x015746,1,1,26D,,1,1,0x13659C,109,0.837120,07 09 01 0B 00,True
5028,0x0157BE,1,1,26E,,1,1,0x239E6C,130,0.998400,07 09 01 0B 00,True
5032,0x015836,1,1,26F,,1,1,0x13B158,106,0.814080,07 09 01 0B 00,True
5036,0x0158AE,1,1,270,,1,1,0x34AE52,169,1.297920,07 09 01 0B 00,True
5040,0x015926,1,1,271,,1,1,0x13700A,104,0.798720,07 09 01 0B 00,True
5044,0x01599E,1,1,272,,1,1,0x34A75E,32,0.245760,07 01 00,True
5048,0x0159E6,1,1,273,,1,1,0x34AAA4,38,0.291840,07 01 00,True
5052,0x015A2E,1,1,274,,1,1,0x34635C,29,0.222720,07 01 00,True
5056,0x015A76,1,1,275,,1,1,0x238B98,81,0.622080,07 01 00,True
5060,0x015ABE,1,1,276,,1,1,0x3466B4,78,0.599040,07 01 00,True
5064,0x015B06,1,1,277,,1,1,0x135E5E,77,0.591360,07 01 00,True
5068,0x015B4E,1,1,278,,1,1,0x346E08,131,1.006080,07 01 00,True
5072,0x015B96,1,1,279,,1,1,0x348C98,134,1.029120,07 01 00,True
5076,0x015BDE,1,1,27A,,1,1,0x23B1E4,68,0.522240,07 01 00,True
5080,0x015C26,1,1,27B,,1,1,0x23AC30,63,0.483840,07 01 00,True
5084,0x015C6E,1,1,27C,,1,1,0x34BF2E,32,0.245760,07 01 00,True
5088,0x015CB6,1,1,27D,,1,1,0x23835C,92,0.706560,07 01 00,True
5092,0x015CFE,1,1,27E,,1,1,0x1382A4,151,1.159680,07 01 00,True
5096,0x015D46,1,1,27F,,1,1,0x23BED4,202,1.551360,07 01 00,True
5100,0x015D8E,1,1,280,,1,1,0x139830,284,2.181120,07 01 00,True
5104,0x015DD6,1,1,281,,13,6,0x349D52 0x349D52 0x137B94 0x3499EE 0x139040 0x349D52 0x34A216 0x3499EE 0x23B85E 0x137B94 0x34A216 0x34A216 0x3499EE,43 43 66 35 90 43 58 35 61 66 58 58 35,0.330240 0.330240 0.506880 0.268800 0.691200 0.330240 0.445440 0.268800 0.468480 0.506880 0.445440 0.445440 0.268800,07 09 01 01 01 01 01 01 01 01 01 01 01 01 01 0B 00,False
6144,0x015FCE,1,1,1F9,,1,1,0x184336,272,2.088960,07 09 01 0B 00,True
6148,0x016046,1,1,1FA,,1,1,0x264EC6,250,1.920000,07 09 01 0B 00,True
6156,0x0160BE,1,1,1DC,,2,2,0x3677C0 0x18642E,64 90,0.491520 0.691200,07 09 01 01 0B 00,False
6164,0x016156,1,1,1DB,,2,2,0x3677C0 0x367F82,64 131,0.491520 1.006080,07 09 01 01 0B 00,False
6168,0x0161EE,1,1,1DD,,2,2,0x3677C0 0x186D6C,64 139,0.491520 1.067520,07 09 01 01 0B 00,False
6172,0x016286,1,1,1DE,,2,2,0x3677C0 0x266A56,64 120,0.491520 0.921600,07 09 01 01 0B 00,False
6176,0x01631E,1,1,1DF,,2,2,0x3677C0 0x187D7E,64 143,0.491520 1.098240,07 09 01 01 0B 00,False
6180,0x0163B6,1,1,1E0,,2,2,0x3677C0 0x2677B6,64 107,0.491520 0.821760,07 09 01 01 0B 00,False
6192,0x01644E,1,1,1E1,,2,2,0x3677C0 0x188E40,64 115,0.491520 0.883200,07 09 01 01 0B 00,False
6196,0x0164E6,1,1,1E2,,2,2,0x3677C0 0x189B16,64 130,0.491520 0.998400,07 09 01 01 0B 00,False
6200,0x01657E,1,1,2B4,,2,2,0x368EDA 0x369B78,117 86,0.898560 0.660480,07 09 01 01 0B 00,False
6208,0x016616,1,1,2B6,,2,2,0x368EDA 0x36A47A,117 122,0.898560 0.936960,07 09 01 01 0B 00,False
6212,0x0166AE,1,1,2B7,,2,2,0x368EDA 0x36B30E,117 132,0.898560 1.013760,07 09 01 01 0B 00,False
6216,0x016746,1,1,2B8,,2,2,0x368EDA 0x268450,117 137,0.898560 1.052160,07 09 01 01 0B 00,False
6220,0x0167DE,1,1,2B9,,2,2,0x368EDA 0x26941E,117 165,0.898560 1.267200,07 09 01 01 0B 00,False
6224,0x016876,1,1,2BA,,2,2,0x368EDA 0x18AB44,117 124,0.898560 0.952320,07 09 01 01 0B 00,False
6236,0x01690E,1,1,2BB,,2,2,0x368EDA 0x26A668,117 116,0.898560 0.890880,07 09 01 01 0B 00,False
6240,0x0169A6,1,1,2BE,,2,2,0x368EDA 0x36C294,117 135,0.898560 1.036800,07 09 01 01 0B 00,False
6276,0x016A3E,1,1,2C7,,1,1,0x18B98C,103,0.791040,07 09 01 0B 00,True
6280,0x016AB6,1,1,2C8,,1,1,0x18C3B8,108,0.829440,07 09 01 0B 00,True
6284,0x016B2E,1,1,2C9,,1,1,0x26B36A,111,0.852480,07 09 01 0B 00,True
6288,0x016BA6,1,1,2CA,,1,1,0x36D2E8,137,1.052160,07 09 01 0B 00,True
6292,0x016C1E,1,1,2CB,,1,1,0x18CFFE,125,0.960000,07 09 01 0B 00,True
6296,0x016C96,1,1,2CC,,1,1,0x36E250,101,0.775680,07 09 01 0B 00,True
6300,0x016D0E,1,1,2CD,,1,1,0x26C042,120,0.921600,07 09 01 0B 00,True
6304,0x016D86,1,1,2CE,,1,1,0x36EE08,144,1.105920,07 09 01 0B 00,True
6308,0x016DFE,1,1,2CF,,2,2,0x36FE48 0x26CCF2,35 210,0.268800 1.612800,07 09 01 01 0B 00,False
6316,0x016F2E,1,1,2D1,,2,2,0x26E3D6 0x26CCF2,98 210,0.752640 1.612800,07 09 01 01 0B 00,False
6320,0x016FC6,1,1,2D2,,2,2,0x370228 0x26CCF2,95 210,0.729600 1.612800,07 09 01 01 0B 00,False
6324,0x01705E,1,1,2D3,,2,2,0x18E8DA 0x26CCF2,108 210,0.829440 1.612800,07 09 01 01 0B 00,False
6328,0x0170F6,1,1,2D4,,2,2,0x18F4A8 0x26CCF2,101 210,0.775680 1.612800,07 09 01 01 0B 00,False
6332,0x01718E,1,1,2D5,,2,2,0x26EFD8 0x26CCF2,94 210,0.721920 1.612800,07 09 01 01 0B 00,False
6336,0x017226,1,1,2D6,,2,2,0x370DCA 0x26CCF2,68 210,0.522240 1.612800,07 09 01 01 0B 00,False
6344,0x017356,1,1,2D8,,2,2,0x270576 0x26CCF2,97 210,0.744960 1.612800,07 09 01 01 0B 00,False
6348,0x0173EE,1,1,2D9,,1,1,0x1900AC,333,2.557440,07 09 01 0B 00,True
6352,0x017466,1,1,2DA,,2,2,0x1900AC 0x19280A,333 157,2.557440 1.205760,07 09 01 01 0B 00,False
6356,0x0174FE,1,1,2DB,,1,1,0x3715C8,243,1.866240,07 09 01 0B 00,True
6360,0x017576,1,1,2DC,,1,1,0x193BA4,165,1.267200,07 09 01 0B 00,True
6364,0x0175EE,1,1,1D1,,1,1,0x3731DC,219,1.681920,07 09 01 0B 00,True
6368,0x017666,1,1,1D2,,1,1,0x194F56,111,0.852480,07 09 01 0B 00,True
6376,0x017756,1,1,2DD,,1,1,0x27212E,173,1.328640,07 09 01 0B 00,True
6380,0x0177CE,1,1,1D9,,1,1,0x195ACA,126,0.967680,07 09 01 0B 00,True
6384,0x017846,1,1,1DA,,1,1,0x27350E,134,1.029120,07 09 01 0B 00,True
6388,0x0178BE,1,1,1D8,,1,1,0x3749D4,118,0.906240,07 09 01 0B 00,True
6392,0x017936,1,1,1E4,,1,1,0x274288,189,1.451520,07 09 01 0B 00,True
6396,0x0179AE,1,1,1E9,,1,1,0x19696E,140,1.075200,07 09 01 0B 00,True
6400,0x017A26,1,1,1D0,,1,1,0x27576E,134,1.029120,07 09 01 0B 00,True
6404,0x017A9E,1,1,1EB,,1,1,0x19772C,91,0.698880,07 09 01 0B 00,True
6408,0x017B16,1,1,1EC,,1,1,0x1980B6,157,1.205760,07 09 01 0B 00,True
6412,0x017B8E,1,1,2DE,,1,1,0x276512,159,1.221120,07 09 01 0B 00,True
6424,0x017CF6,1,1,2E1,,1,1,0x1991C0,154,1.182720,07 09 01 0B 00,True
6428,0x017D6E,1,1,2E2,,1,1,0x19A284,213,1.635840,07 09 01 0B 00,True
6432,0x017DE6,1,1,2E3,,1,1,0x3757C2,159,1.221120,07 09 01 0B 00,True
6436,0x017E5E,1,1,1D6,,1,1,0x19BB4C,137,1.052160,07 09 01 0B 00,True
6440,0x017ED6,1,1,2E4,,1,1,0x19CA00,121,0.929280,07 09 01 0B 00,True
6444,0x017F4E,1,1,1D7,,1,1,0x27903E,237,1.820160,07 09 01 0B 00,True
6448,0x017FC6,1,1,1D5,,1,1,0x19D8BA,121,0.929280,07 09 01 0B 00,True
6452,0x01803E,1,1,2E5,,1,1,0x19E634,127,0.975360,07 09 01 0B 00,True
6456,0x0180B6,1,1,2E6,,1,1,0x376942,124,0.952320,07 09 01 0B 00,True
6460,0x01812E,1,1,2E7,,1,1,0x37768A,168,1.290240,07 09 01 0B 00,True
6464,0x0181A6,1,1,1D3,,1,1,0x19F2CC,134,1.029120,07 09 01 0B 00,True
6468,0x01821E,1,1,1D4,,1,1,0x1A0074,147,1.128960,07 09 01 0B 00,True
6472,0x018296,1,1,2E8,,1,1,0x1A11BE,113,0.867840,07 09 01 0B 00,True
6476,0x01830E,1,1,1E3,,1,1,0x37896E,178,1.367040,07 09 01 0B 00,True
6480,0x018386,1,1,1E5,,1,1,0x27AB1A,156,1.198080,07 09 01 0B 00,True
6484,0x0183FE,1,1,1E6,,1,1,0x27BD08,123,0.944640,07 09 01 0B 00,True
6488,0x018476,1,1,2E9,,1,1,0x1A1D5E,124,0.952320,07 09 01 0B 00,True
6492,0x0184EE,1,1,2EA,,1,1,0x1A2A62,250,1.920000,07 09 01 0B 00,True
6496,0x018566,1,1,2EB,,1,1,0x379CC4,235,1.804800,07 09 01 0B 00,True
6500,0x0185DE,1,1,1E7,,1,1,0x37B640,120,0.921600,07 09 01 0B 00,True
6504,0x018656,1,1,1E8,,1,1,0x1A4956,126,0.967680,07 09 01 0B 00,True
6508,0x0186CE,1,1,1EA,,1,1,0x37C208,110,0.844800,07 09 01 0B 00,True
6512,0x018746,1,1,2EC,,1,1,0x1A557C,175,1.344000,07 09 01 0B 00,True
6516,0x0187BE,1,1,2ED,,1,1,0x27CB7A,192,1.474560,07 09 01 0B 00,True
6520,0x018836,1,1,2EE,,1,1,0x27DEE6,130,0.998400,07 09 01 0B 00,True
6528,0x0188AE,1,1,2EF,,1,1,0x37CD6C,126,0.967680,07 09 01 0B 00,True
6532,0x018926,1,1,1EE,,1,1,0x27EBF6,140,1.075200,07 09 01 0B 00,True
6536,0x01899E,1,1,1ED,,1,1,0x37DBF4,179,1.374720,07 09 01 0B 00,True
6540,0x018A16,1,1,1EF 2F1,,1,1,0x37ECEC,120,0.921600,07 09 01 0B 00,True
6544,0x018A8E,1,1,2F2,,1,1,0x27FAE2,200,1.536000,07 09 01 0B 00,True
6548,0x018B06,1,1,2F3,,1,1,0x280F78,203,1.559040,07 09 01 0B 00,True
6552,0x018B7E,1,1,2F4,,1,1,0x1A65E8,129,0.990720,07 09 01 0B 00,True
6556,0x018BF6,1,1,1F8,,1,1,0x37F8A8,152,1.167360,07 09 01 0B 00,True
6560,0x018C6E,1,1,2F5,,1,1,0x3808FC,189,1.451520,07 09 01 0B 00,True
6564,0x018CE6,1,1,1F0,,1,1,0x1A748A,178,1.367040,07 09 01 0B 00,True
6568,0x018D5E,1,1,2F6,,1,1,0x282502,121,0.929280,07 09 01 0B 00,True
6572,0x018DD6,1,1,1F1,,1,1,0x381DEE,144,1.105920,07 09 01 0B 00,True
6576,0x018E4E,1,1,2F7,,1,1,0x28317E,147,1.128960,07 09 01 0B 00,True
6580,0x018EC6,1,1,1F2,,1,1,0x382E5E,220,1.689600,07 09 01 0B 00,True
6584,0x018F3E,1,1,1F4,,1,1,0x3845F4,271,2.081280,07 09 01 0B 00,True
6588,0x018FB6,1,1,1F3,,1,1,0x1A8920,115,0.883200,07 09 01 0B 00,True
6592,0x01902E,1,1,2F8,,1,1,0x1A954A,231,1.774080,07 09 01 0B 00,True
6600,0x01911E,1,1,1F5,,1,1,0x284202,141,1.082880,07 09 01 0B 00,True
6604,0x019196,1,1,1F6,,1,1,0x28502C,210,1.612800,07 09 01 0B 00,True
6608,0x01920E,1,1,2F9,,1,1,0x1ABB00,159,1.221120,07 09 01 0B 00,True
6612,0x019286,1,1,2FA,,1,1,0x1ACA8E,94,0.721920,07 09 01 0B 00,True
6616,0x0192FE,1,1,2FB,,1,1,0x2866BE,191,1.466880,07 09 01 0B 00,True
6620,0x019376,1,1,2FC,,1,1,0x386456,173,1.328640,07 09 01 0B 00,True
6624,0x0193EE,1,1,2FD,,1,1,0x287D00,186,1.428480,07 09 01 0B 00,True
6628,0x019466,1,1,2FE,,1,1,0x1AD418,284,2.181120,07 09 01 0B 00,True
6632,0x0194DE,1,1,2FF,,1,1,0x289030,531,4.078080,07 09 01 0B 00,True
6636,0x019556,1,1,300,,1,1,0x1AF18A,378,2.903040,07 09 01 0B 00,True
6640,0x0195CE,1,1,301,,1,1,0x1B1D3C,207,1.589760,07 09 01 0B 00,True
6644,0x019646,1,1,302,,1,1,0x3877AE,155,1.190400,07 09 01 0B 00,True
