triple_sound_index_hex,triple_sound_index_dec,dcs_command,command_valid_in_wwf_l1
000,0,0,True
001,1,128,True
002,2,132,True
003,3,1480,True
004,4,136,True
005,5,140,True
006,6,144,True
007,7,148,True
008,8,152,True
009,9,156,True
00A,10,460,True
00B,11,412,True
00C,12,416,True
00D,13,424,True
00E,14,168,True
00F,15,172,True
010,16,176,True
011,17,180,True
012,18,184,True
013,19,188,True
014,20,192,True
015,21,196,True
016,22,200,True
017,23,204,True
018,24,208,True
019,25,212,True
01A,26,216,True
01B,27,220,True
01C,28,224,True
01D,29,228,True
01E,30,232,True
01F,31,236,True
020,32,240,True
021,33,244,True
022,34,248,True
023,35,252,True
024,36,256,True
025,37,260,True
026,38,264,False
027,39,268,True
028,40,272,True
029,41,276,True
02A,42,280,False
02B,43,284,False
02C,44,288,True
02D,45,292,True
02E,46,296,True
02F,47,300,True
030,48,304,False
031,49,308,False
032,50,312,True
033,51,236,True
034,52,220,True
035,53,176,True
036,54,0,True
037,55,260,True
038,56,0,True
039,57,1616,True
03A,58,0,True
03B,59,0,True
03C,60,1284,True
03D,61,408,True
03E,62,1448,True
03F,63,1452,True
040,64,176,True
041,65,1236,True
042,66,904,True
043,67,1436,True
044,68,1440,False
045,69,1444,True
046,70,428,True
047,71,432,True
048,72,1376,True
049,73,1512,True
04A,74,1556,True
04B,75,1560,True
04C,76,1564,True
04D,77,1568,True
04E,78,160,True
04F,79,164,True
050,80,524,True
051,81,528,False
052,82,0,True
053,83,536,False
054,84,540,False
055,85,544,True
056,86,548,True
057,87,552,True
058,88,556,True
059,89,560,True
05A,90,768,True
05B,91,772,True
05C,92,0,True
05D,93,0,True
05E,94,0,True
05F,95,0,True
060,96,640,False
061,97,644,True
062,98,648,True
063,99,652,True
064,100,656,False
065,101,0,True
066,102,900,True
067,103,904,True
068,104,908,True
069,105,912,True
06A,106,916,True
06B,107,920,True
06C,108,0,True
06D,109,0,True
06E,110,932,True
06F,111,936,True
070,112,0,True
071,113,1116,True
072,114,1120,True
073,115,1124,True
074,116,1128,True
075,117,1132,False
076,118,1280,True
077,119,1288,True
078,120,1296,True
079,121,1148,True
07A,122,0,True
07B,123,0,True
07C,124,1160,True
07D,125,1528,False
07E,126,1536,False
07F,127,1544,False
080,128,1552,False
081,129,0,True
082,130,1196,True
083,131,0,True
084,132,0,True
085,133,1045,True
086,134,1048,False
087,135,1051,False
088,136,1054,False
089,137,1057,True
08A,138,1060,True
08B,139,1063,True
08C,140,1066,False
08D,141,1069,False
08E,142,1072,False
08F,143,1075,False
090,144,1075,False
091,145,1078,False
092,146,1081,True
093,147,1084,True
094,148,1087,True
095,149,0,True
096,150,0,True
097,151,0,True
098,152,464,True
099,153,1228,True
09A,154,1232,True
09B,155,1492,True
09C,156,1240,True
09D,157,1244,True
09E,158,1248,True
09F,159,1252,True
0A0,160,1256,True
0A1,161,1260,True
0A2,162,1264,True
0A3,163,1268,True
0A4,164,0,True
0A5,165,1288,True
0A6,166,0,True
0A7,167,0,True
0A8,168,232,True
0A9,169,1576,True
0AA,170,360,True
0AB,171,1236,True
0AC,172,348,True
0AD,173,368,True
0AE,174,1220,True
0AF,175,1224,True
0B0,176,789,False
0B1,177,328,True
0B2,178,352,True
0B3,179,335,False
0B4,180,344,True
0B5,181,434,True
0B6,182,376,True
0B7,183,1364,False
0B8,184,1368,False
0B9,185,1484,True
0BA,186,1488,True
0BB,187,1520,True
0BC,188,1472,True
0BD,189,1476,True
0BE,190,380,True
0BF,191,1280,True
0C0,192,316,True
0C1,193,1288,True
0C2,194,320,True
0C3,195,1296,True
0C4,196,1516,True
0C5,197,1304,True
0C6,198,1580,True
0C7,199,1456,True
0C8,200,1460,True
0C9,201,0,True
0CA,202,0,True
0CB,203,244,True
0CC,204,248,True
0CD,205,324,True
0CE,206,1180,True
0CF,207,1184,True
0D0,208,1188,True
0D1,209,1192,True
0D2,210,1208,True
0D3,211,588,True
0D4,212,592,True
0D5,213,596,True
0D6,214,600,True
0D7,215,468,True
0D8,216,472,True
0D9,217,476,True
0DA,218,480,True
0DB,219,484,True
0DC,220,488,True
0DD,221,208,True
0DE,222,0,True
0DF,223,0,True
0E0,224,3072,True
0E1,225,3076,True
0E2,226,3080,True
0E3,227,3084,True
0E4,228,3088,True
0E5,229,3092,True
0E6,230,3096,True
0E7,231,3100,True
0E8,232,3104,True
0E9,233,3108,True
0EA,234,3112,True
0EB,235,3116,True
0EC,236,3120,True
0ED,237,3124,True
0EE,238,3128,True
0EF,239,3132,True
0F0,240,3136,True
0F1,241,3140,True
0F2,242,3144,True
0F3,243,3148,True
0F4,244,3152,True
0F5,245,3156,True
0F6,246,3160,True
0F7,247,3164,True
0F8,248,3168,True
0F9,249,3172,True
0FA,250,3176,True
0FB,251,3180,True
0FC,252,3184,True
0FD,253,3188,True
0FE,254,3192,True
0FF,255,3196,True
100,256,3200,True
101,257,3204,True
102,258,3208,True
103,259,3212,True
104,260,3216,True
105,261,3220,True
106,262,3224,True
107,263,3228,True
108,264,3232,True
109,265,3236,True
10A,266,3240,True
10B,267,3244,True
10C,268,3248,True
10D,269,3252,True
10E,270,3256,True
10F,271,3260,True
110,272,3264,True
111,273,3412,True
112,274,3416,True
113,275,3420,True
114,276,3424,True
115,277,3428,True
116,278,3432,True
117,279,3436,True
118,280,3440,True
119,281,3444,True
11A,282,3448,True
11B,283,3452,True
11C,284,3456,True
11D,285,3460,True
11E,286,3464,True
11F,287,3468,True
120,288,3472,True
121,289,3476,True
122,290,3480,True
123,291,3484,True
124,292,3488,True
125,293,3492,True
126,294,3496,True
127,295,3500,True
128,296,3504,True
129,297,3360,True
12A,298,3356,True
12B,299,3640,True
12C,300,3644,True
12D,301,3648,True
12E,302,3652,True
12F,303,3656,True
130,304,3660,True
131,305,3664,True
132,306,3668,True
133,307,3672,True
134,308,3228,True
135,309,3232,True
136,310,3628,True
137,311,3528,False
138,312,3508,True
139,313,3512,True
13A,314,3516,True
13B,315,3532,True
13C,316,3564,True
13D,317,3300,True
13E,318,3328,True
13F,319,3368,True
140,320,3380,False
141,321,3384,True
142,322,3388,True
143,323,3556,True
144,324,3568,True
145,325,3396,True
146,326,3400,True
147,327,3392,True
148,328,3316,True
149,329,3320,True
14A,330,3324,True
14B,331,3332,True
14C,332,3336,True
14D,333,3340,False
14E,334,3352,True
14F,335,3364,True
150,336,3372,True
151,337,3376,True
152,338,3404,True
153,339,3536,True
154,340,3540,True
155,341,3544,True
156,342,3548,True
157,343,3312,True
158,344,3308,True
159,345,3580,True
15A,346,3584,True
15B,347,3588,True
15C,348,3592,True
15D,349,0,True
15E,350,3600,True
15F,351,3604,True
160,352,3608,True
161,353,3612,True
162,354,3616,True
163,355,0,True
164,356,3624,True
165,357,3632,True
166,358,3636,True
167,359,3268,True
168,360,3272,True
169,361,3276,True
16A,362,3280,True
16B,363,3284,True
16C,364,3288,True
16D,365,3292,True
16E,366,3296,True
16F,367,3680,True
170,368,3684,True
171,369,3688,True
172,370,3692,False
173,371,3696,False
174,372,3700,False
175,373,3704,False
176,374,3708,False
177,375,3712,False
178,376,3716,False
179,377,3720,False
17A,378,3724,True
17B,379,3728,True
17C,380,0,True
17D,381,3736,True
17E,382,3740,True
17F,383,3744,True
180,384,3748,True
181,385,3752,True
182,386,3756,True
183,387,3760,True
184,388,3764,True
185,389,3768,True
186,390,0,True
187,391,3776,True
188,392,3780,True
189,393,0,True
18A,394,3788,True
18B,395,3792,True
18C,396,3796,True
18D,397,3800,True
18E,398,3804,False
18F,399,3808,True
190,400,3992,True
191,401,3996,True
192,402,4000,True
193,403,0,True
194,404,0,True
195,405,0,True
196,406,0,True
197,407,0,True
198,408,3844,True
199,409,0,True
19A,410,3852,True
19B,411,3856,True
19C,412,3860,True
19D,413,3864,True
19E,414,3868,True
19F,415,3872,True
1A0,416,3876,True
1A1,417,3880,True
1A2,418,3884,True
1A3,419,3888,True
1A4,420,3892,True
1A5,421,3896,True
1A6,422,3900,True
1A7,423,3904,True
1A8,424,3908,True
1A9,425,0,True
1AA,426,3916,True
1AB,427,0,True
1AC,428,3924,True
1AD,429,3928,True
1AE,430,3932,True
1AF,431,0,True
1B0,432,0,True
1B1,433,0,True
1B2,434,0,True
1B3,435,0,True
1B4,436,0,True
1B5,437,0,True
1B6,438,0,True
1B7,439,0,True
1B8,440,0,True
1B9,441,0,True
1BA,442,3980,True
1BB,443,3984,True
1BC,444,3988,True
1BD,445,0,True
1BE,446,0,True
1BF,447,0,True
1C0,448,0,True
1C1,449,0,True
1C2,450,0,True
1C3,451,0,True
1C4,452,0,True
1C5,453,0,True
1C6,454,0,True
1C7,455,0,True
1C8,456,0,True
1C9,457,0,True
1CA,458,0,True
1CB,459,0,True
1CC,460,0,True
1CD,461,0,True
1CE,462,0,True
1CF,463,0,True
1D0,464,6400,True
1D1,465,6364,True
1D2,466,6368,True
1D3,467,6464,True
1D4,468,6468,True
1D5,469,6448,True
1D6,470,6436,True
1D7,471,6444,True
1D8,472,6388,True
1D9,473,6380,True
1DA,474,6384,True
1DB,475,6164,True
1DC,476,6156,True
1DD,477,6168,True
1DE,478,6172,True
1DF,479,6176,True
1E0,480,6180,True
1E1,481,6192,True
1E2,482,6196,True
1E3,483,6476,True
1E4,484,6392,True
1E5,485,6480,True
1E6,486,6484,True
1E7,487,6500,True
1E8,488,6504,True
1E9,489,6396,True
1EA,490,6508,True
1EB,491,6404,True
1EC,492,6408,True
1ED,493,6536,True
1EE,494,6532,True
1EF,495,6540,True
1F0,496,6564,True
1F1,497,6572,True
1F2,498,6580,True
1F3,499,6588,True
1F4,500,6584,True
1F5,501,6600,True
1F6,502,6604,True
1F7,503,0,True
1F8,504,6556,True
1F9,505,6144,True
1FA,506,6148,True
1FB,507,2560,True
1FC,508,2564,True
1FD,509,2568,True
1FE,510,2576,True
1FF,511,2572,True
200,512,4500,True
201,513,4504,True
202,514,4508,True
203,515,4512,True
204,516,4516,True
205,517,4520,True
206,518,4524,True
207,519,4536,True
208,520,4540,True
209,521,4544,False
20A,522,4548,True
20B,523,4552,True
20C,524,4556,True
20D,525,4560,True
20E,526,4564,True
20F,527,4568,True
210,528,4572,True
211,529,4576,True
212,530,4580,True
213,531,4584,True
214,532,4588,False
215,533,4592,True
216,534,4596,True
217,535,4600,True
218,536,4604,True
219,537,4608,True
21A,538,4612,True
21B,539,4616,True
21C,540,4620,True
21D,541,4624,True
21E,542,4628,True
21F,543,4632,True
220,544,4636,True
221,545,4640,True
222,546,4644,True
223,547,4648,True
224,548,4652,True
225,549,4656,True
226,550,4660,True
227,551,4664,True
228,552,4668,True
229,553,4672,True
22A,554,4676,True
22B,555,4680,True
22C,556,4684,True
22D,557,4688,True
22E,558,4692,True
22F,559,4696,True
230,560,4700,True
231,561,4704,True
232,562,4708,True
233,563,4712,True
234,564,4528,True
235,565,4532,True
236,566,4800,True
237,567,4804,True
238,568,4808,True
239,569,4812,True
23A,570,4816,True
23B,571,4820,True
23C,572,4824,True
23D,573,4828,True
23E,574,4832,True
23F,575,4836,True
240,576,4840,True
241,577,4844,True
242,578,4848,True
243,579,4852,True
244,580,4856,True
245,581,4860,True
246,582,4864,True
247,583,4868,True
248,584,4872,True
249,585,4876,True
24A,586,4880,True
24B,587,4884,True
24C,588,4888,True
24D,589,4892,True
24E,590,4896,True
24F,591,4900,True
250,592,4904,True
251,593,4908,True
252,594,4912,True
253,595,4916,True
254,596,4920,True
255,597,4924,True
256,598,4928,True
257,599,4932,True
258,600,4936,True
259,601,4940,True
25A,602,4944,True
25B,603,4948,True
25C,604,4952,True
25D,605,4956,True
25E,606,4960,True
25F,607,4964,True
260,608,4968,True
261,609,4972,True
262,610,4976,True
263,611,4980,True
264,612,4984,True
265,613,4988,True
266,614,4992,True
267,615,5000,True
268,616,5004,True
269,617,5008,True
26A,618,5012,True
26B,619,5016,True
26C,620,5020,True
26D,621,5024,True
26E,622,5028,True
26F,623,5032,True
270,624,5036,True
271,625,5040,True
272,626,5044,True
273,627,5048,True
274,628,5052,True
275,629,5056,True
276,630,5060,True
277,631,5064,True
278,632,5068,True
279,633,5072,True
27A,634,5076,True
27B,635,5080,True
27C,636,5084,True
27D,637,5088,True
27E,638,5092,True
27F,639,5096,True
280,640,5100,True
281,641,5104,True
282,642,564,True
283,643,568,True
284,644,572,True
285,645,576,True
286,646,580,True
287,647,584,True
288,648,0,True
289,649,0,True
28A,650,0,True
28B,651,0,True
28C,652,0,True
28D,653,0,True
28E,654,0,True
28F,655,0,True
290,656,1600,True
291,657,1604,True
292,658,1608,True
293,659,1612,True
294,660,1616,True
295,661,1620,True
296,662,1624,True
297,663,1628,True
298,664,1632,True
299,665,1636,True
29A,666,0,True
29B,667,0,True
29C,668,0,True
29D,669,0,True
29E,670,0,True
29F,671,0,True
2A0,672,0,True
2A1,673,0,True
2A2,674,0,True
2A3,675,0,True
2A4,676,0,True
2A5,677,0,True
2A6,678,0,True
2A7,679,0,True
2A8,680,0,True
2A9,681,0,True
2AA,682,0,True
2AB,683,0,True
2AC,684,0,True
2AD,685,0,True
2AE,686,0,True
2AF,687,0,True
2B0,688,0,True
2B1,689,0,True
2B2,690,0,True
2B3,691,0,True
2B4,692,6200,True
2B5,693,0,True
2B6,694,6208,True
2B7,695,6212,True
2B8,696,6216,True
2B9,697,6220,True
2BA,698,6224,True
2BB,699,6236,True
2BC,700,0,True
2BD,701,0,True
2BE,702,6240,True
2BF,703,0,True
2C0,704,0,True
2C1,705,0,True
2C2,706,0,True
2C3,707,0,True
2C4,708,0,True
2C5,709,0,True
2C6,710,0,True
2C7,711,6276,True
2C8,712,6280,True
2C9,713,6284,True
2CA,714,6288,True
2CB,715,6292,True
2CC,716,6296,True
2CD,717,6300,True
2CE,718,6304,True
2CF,719,6308,True
2D0,720,0,True
2D1,721,6316,True
2D2,722,6320,True
2D3,723,6324,True
2D4,724,6328,True
2D5,725,6332,True
2D6,726,6336,True
2D7,727,0,True
2D8,728,6344,True
2D9,729,6348,True
2DA,730,6352,True
2DB,731,6356,True
2DC,732,6360,True
2DD,733,6376,True
2DE,734,6412,True
2DF,735,0,True
2E0,736,0,True
2E1,737,6424,True
2E2,738,6428,True
2E3,739,6432,True
2E4,740,6440,True
2E5,741,6452,True
2E6,742,6456,True
2E7,743,6460,True
2E8,744,6472,True
2E9,745,6488,True
2EA,746,6492,True
2EB,747,6496,True
2EC,748,6512,True
2ED,749,6516,True
2EE,750,6520,True
2EF,751,6528,True
2F0,752,0,True
2F1,753,6540,True
2F2,754,6544,True
2F3,755,6548,True
2F4,756,6552,True
2F5,757,6560,True
2F6,758,6568,True
2F7,759,6576,True
2F8,760,6592,True
2F9,761,6608,True
2FA,762,6612,True
2FB,763,6616,True
2FC,764,6620,True
2FD,765,6624,True
2FE,766,6628,True
2FF,767,6632,True
300,768,6636,True
301,769,6640,True
302,770,6644,True
