triple_sound_index_hex,triple_sound_index_dec,dcs_command,valid,track_pointer
000,0,0,True,0x008E42
001,1,128,True,0x0094CA
002,2,132,True,0x009542
003,3,1480,True,0x00C87C
004,4,136,True,0x0095BA
005,5,140,True,0x009602
006,6,144,True,0x00967A
007,7,148,True,0x0096F2
008,8,152,True,0x00973A
009,9,156,True,0x009782
00A,10,460,True,0x00ABDA
00B,11,412,True,0x00A8F2
00C,12,416,True,0x00A96A
00D,13,424,True,0x00AA5A
00E,14,168,True,0x009842
00F,15,172,True,0x0098BA
010,16,176,True,0x009932
011,17,180,True,0x0099AA
012,18,184,True,0x009A22
013,19,188,True,0x009A9A
014,20,192,True,0x009A9A
015,21,196,True,0x009B12
016,22,200,True,0x009B8A
017,23,204,True,0x009C02
018,24,208,True,0x009C7A
019,25,212,True,0x009CF2
01A,26,216,True,0x009D6A
01B,27,220,True,0x009DE2
01C,28,224,True,0x009E5A
01D,29,228,True,0x009ED2
01E,30,232,True,0x009FDA
01F,31,236,True,0x00A022
020,32,240,True,0x00A202
021,33,244,True,0x00A09A
022,34,248,True,0x00A112
023,35,252,True,0x00A24A
024,36,256,True,0x00A24A
025,37,260,True,0x00A18A
026,38,264,False,0xFFFFFF
027,39,268,True,0x00A202
028,40,272,True,0x00A202
029,41,276,True,0x00A24A
02A,42,280,False,0xFFFFFF
02B,43,284,False,0xFFFFFF
02C,44,288,True,0x00A292
02D,45,292,True,0x00A2DA
02E,46,296,True,0x00A292
02F,47,300,True,0x00A2DA
030,48,304,False,0xFFFFFF
031,49,308,False,0xFFFFFF
032,50,312,True,0x00A322
033,51,236,True,0x00A022
034,52,220,True,0x009DE2
035,53,176,True,0x009932
036,54,0,True,0x008E42
037,55,260,True,0x00A18A
038,56,0,True,0x008E42
039,57,1616,True,0x00CEAC
03A,58,0,True,0x008E42
03B,59,0,True,0x008E42
03C,60,1284,True,0x00C384
03D,61,408,True,0x00A87A
03E,62,1448,True,0x00C69C
03F,63,1452,True,0x00C714
040,64,176,True,0x009932
041,65,1236,True,0x00C03C
042,66,904,True,0x00B39A
043,67,1436,True,0x00C5AC
044,68,1440,False,0xFFFFFF
045,69,1444,True,0x00C624
046,70,428,True,0x00AAD2
047,71,432,True,0x00AB1A
048,72,1376,True,0x00C534
049,73,1512,True,0x00CA5C
04A,74,1556,True,0x00CB34
04B,75,1560,True,0x00CB7C
04C,76,1564,True,0x00CBC4
04D,77,1568,True,0x00CC0C
04E,78,160,True,0x0097FA
04F,79,164,True,0x0097FA
050,80,524,True,0x00AE02
051,81,528,False,0xFFFFFF
052,82,0,True,0x008E42
053,83,536,False,0xFFFFFF
054,84,540,False,0xFFFFFF
055,85,544,True,0x00AE4A
056,86,548,True,0x00AE4A
057,87,552,True,0x00AE92
058,88,556,True,0x00AE92
059,89,560,True,0x00AEDA
05A,90,768,True,0x00B2A2
05B,91,772,True,0x00B2EA
05C,92,0,True,0x008E42
05D,93,0,True,0x008E42
05E,94,0,True,0x008E42
05F,95,0,True,0x008E42
060,96,640,False,0xFFFFFF
061,97,644,True,0x00B1AA
062,98,648,True,0x00B212
063,99,652,True,0x00B25A
064,100,656,False,0xFFFFFF
065,101,0,True,0x008E42
066,102,900,True,0x00B352
067,103,904,True,0x00B39A
068,104,908,True,0x00B39A
069,105,912,True,0x00B402
06A,106,916,True,0x00B44A
06B,107,920,True,0x00B492
06C,108,0,True,0x008E42
06D,109,0,True,0x008E42
06E,110,932,True,0x00B4DA
06F,111,936,True,0x00B522
070,112,0,True,0x008E42
071,113,1116,True,0x00B7B4
072,114,1120,True,0x00B82C
073,115,1124,True,0x00B8A4
074,116,1128,True,0x00B8A4
075,117,1132,False,0xFFFFFF
076,118,1280,True,0x00C30C
077,119,1288,True,0x00C3CC
078,120,1296,True,0x00C444
079,121,1148,True,0x00B91C
07A,122,0,True,0x008E42
07B,123,0,True,0x008E42
07C,124,1160,True,0x00B964
07D,125,1528,False,0xFFFFFF
07E,126,1536,False,0xFFFFFF
07F,127,1544,False,0xFFFFFF
080,128,1552,False,0xFFFFFF
081,129,0,True,0x008E42
082,130,1196,True,0x00BC04
083,131,0,True,0x008E42
084,132,0,True,0x008E42
085,133,1045,True,0x00B6EE
086,134,1048,False,0xFFFFFF
087,135,1051,False,0xFFFFFF
088,136,1054,False,0xFFFFFF
089,137,1057,True,0x00B6EE
08A,138,1060,True,0x00B724
08B,139,1063,True,0x00B75A
08C,140,1066,False,0xFFFFFF
08D,141,1069,False,0xFFFFFF
08E,142,1072,False,0xFFFFFF
08F,143,1075,False,0xFFFFFF
090,144,1075,False,0xFFFFFF
091,145,1078,False,0xFFFFFF
092,146,1081,True,0x00B77E
093,147,1084,True,0x00B76C
094,148,1087,True,0x00B7A2
095,149,0,True,0x008E42
096,150,0,True,0x008E42
097,151,0,True,0x008E42
098,152,464,True,0x00AC22
099,153,1228,True,0x00BF4C
09A,154,1232,True,0x00BFC4
09B,155,1492,True,0x00C954
09C,156,1240,True,0x00C0B4
09D,157,1244,True,0x00C12C
09E,158,1248,True,0x00C1A4
09F,159,1252,True,0x00C21C
0A0,160,1256,True,0x00C12C
0A1,161,1260,True,0x00C1A4
0A2,162,1264,True,0x00938C
0A3,163,1268,True,0x00C294
0A4,164,0,True,0x008E42
0A5,165,1288,True,0x00C3CC
0A6,166,0,True,0x008E42
0A7,167,0,True,0x008E42
0A8,168,232,True,0x009FDA
0A9,169,1576,True,0x00CCCC
0AA,170,360,True,0x00A682
0AB,171,1236,True,0x00C03C
0AC,172,348,True,0x00A592
0AD,173,368,True,0x00A772
0AE,174,1220,True,0x00BE5C
0AF,175,1224,True,0x00BED4
0B0,176,789,False,0xFFFFFF
0B1,177,328,True,0x00A4D2
0B2,178,352,True,0x00A60A
0B3,179,335,False,0xFFFFFF
0B4,180,344,True,0x00A51A
0B5,181,434,True,0x00AB3E
0B6,182,376,True,0x00A832
0B7,183,1364,False,0xFFFFFF
0B8,184,1368,False,0xFFFFFF
0B9,185,1484,True,0x00C8C4
0BA,186,1488,True,0x00C90C
0BB,187,1520,True,0x00CAEC
0BC,188,1472,True,0x00C7EC
0BD,189,1476,True,0x00C834
0BE,190,380,True,0x00A6FA
0BF,191,1280,True,0x00C30C
0C0,192,316,True,0x00A36A
0C1,193,1288,True,0x00C3CC
0C2,194,320,True,0x00A3E2
0C3,195,1296,True,0x00C444
0C4,196,1516,True,0x00CAA4
0C5,197,1304,True,0x00C4BC
0C6,198,1580,True,0x00CD14
0C7,199,1456,True,0x00C75C
0C8,200,1460,True,0x00C7A4
0C9,201,0,True,0x008E42
0CA,202,0,True,0x008E42
0CB,203,244,True,0x00A09A
0CC,204,248,True,0x00A112
0CD,205,324,True,0x00A45A
0CE,206,1180,True,0x00BA54
0CF,207,1184,True,0x00BACC
0D0,208,1188,True,0x00BB14
0D1,209,1192,True,0x00BB8C
0D2,210,1208,True,0x00BC94
0D3,211,588,True,0x00B08A
0D4,212,592,True,0x00B0D2
0D5,213,596,True,0x00B11A
0D6,214,600,True,0x00B162
0D7,215,468,True,0x00938C
0D8,216,472,True,0x00938C
0D9,217,476,True,0x00938C
0DA,218,480,True,0x00AD2A
0DB,219,484,True,0x00938C
0DC,220,488,True,0x00938C
0DD,221,208,True,0x009C7A
0DE,222,0,True,0x008E42
0DF,223,0,True,0x008E42
0E0,224,3072,True,0x00D5E3
0E1,225,3076,True,0x00D65B
0E2,226,3080,True,0x00D6D3
0E3,227,3084,True,0x00D74B
0E4,228,3088,True,0x00D7C3
0E5,229,3092,True,0x00D83B
0E6,230,3096,True,0x00D8B3
0E7,231,3100,True,0x00D92B
0E8,232,3104,True,0x00D9A3
0E9,233,3108,True,0x00DA1B
0EA,234,3112,True,0x00DA93
0EB,235,3116,True,0x00DB0B
0EC,236,3120,True,0x00DB83
0ED,237,3124,True,0x00DBFB
0EE,238,3128,True,0x00DC73
0EF,239,3132,True,0x00DCEB
0F0,240,3136,True,0x00DD63
0F1,241,3140,True,0x00DDDB
0F2,242,3144,True,0x00DE53
0F3,243,3148,True,0x00DEEB
0F4,244,3152,True,0x00DF63
0F5,245,3156,True,0x00DFDB
0F6,246,3160,True,0x00E053
0F7,247,3164,True,0x00E0CB
0F8,248,3168,True,0x00E143
0F9,249,3172,True,0x00E1BB
0FA,250,3176,True,0x00E233
0FB,251,3180,True,0x00E2AB
0FC,252,3184,True,0x00E323
0FD,253,3188,True,0x00E39B
0FE,254,3192,True,0x00E413
0FF,255,3196,True,0x00E48B
100,256,3200,True,0x00E503
101,257,3204,True,0x00E57B
102,258,3208,True,0x00E5F3
103,259,3212,True,0x00E66B
104,260,3216,True,0x00E6E3
105,261,3220,True,0x00E75B
106,262,3224,True,0x00E7D3
107,263,3228,True,0x00E84B
108,264,3232,True,0x00E8C3
109,265,3236,True,0x00E93B
10A,266,3240,True,0x00E9D3
10B,267,3244,True,0x00EA6B
10C,268,3248,True,0x00EB03
10D,269,3252,True,0x00EB9B
10E,270,3256,True,0x00EC33
10F,271,3260,True,0x00ECCB
110,272,3264,True,0x00ED63
111,273,3412,True,0x00FC1B
112,274,3416,True,0x00FCB3
113,275,3420,True,0x00FD4B
114,276,3424,True,0x00FDE3
115,277,3428,True,0x00FE7B
116,278,3432,True,0x00FF13
117,279,3436,True,0x00FFAB
118,280,3440,True,0x010043
119,281,3444,True,0x0100DB
11A,282,3448,True,0x010173
11B,283,3452,True,0x01020B
11C,284,3456,True,0x0102A3
11D,285,3460,True,0x01033B
11E,286,3464,True,0x0103D3
11F,287,3468,True,0x01046B
120,288,3472,True,0x010503
121,289,3476,True,0x01059B
122,290,3480,True,0x010633
123,291,3484,True,0x0106CB
124,292,3488,True,0x010763
125,293,3492,True,0x0107FB
126,294,3496,True,0x010893
127,295,3500,True,0x01092B
128,296,3504,True,0x0109C3
129,297,3360,True,0x00F85B
12A,298,3356,True,0x00F7E3
12B,299,3640,True,0x011613
12C,300,3644,True,0x01168B
12D,301,3648,True,0x011703
12E,302,3652,True,0x01177B
12F,303,3656,True,0x0117F3
130,304,3660,True,0x01186B
131,305,3664,True,0x0118E3
132,306,3668,True,0x01195B
133,307,3672,True,0x0119D3
134,308,3228,True,0x00E84B
135,309,3232,True,0x00E8C3
136,310,3628,True,0x0114AB
137,311,3528,False,0xFFFFFF
138,312,3508,True,0x010A5B
139,313,3512,True,0x010AD3
13A,314,3516,True,0x010B4B
13B,315,3532,True,0x010BC3
13C,316,3564,True,0x010F0B
13D,317,3300,True,0x00F2BB
13E,318,3328,True,0x00F603
13F,319,3368,True,0x00F94B
140,320,3380,False,0xFFFFFF
141,321,3384,True,0x00FA3B
142,322,3388,True,0x00FA3B
143,323,3556,True,0x010E93
144,324,3568,True,0x010F83
145,325,3396,True,0x00FAB3
146,326,3400,True,0x00FB2B
147,327,3392,True,0x00FAB3
148,328,3316,True,0x00F49B
149,329,3320,True,0x00F513
14A,330,3324,True,0x00F58B
14B,331,3332,True,0x00F67B
14C,332,3336,True,0x00F6F3
14D,333,3340,False,0xFFFFFF
14E,334,3352,True,0x00F76B
14F,335,3364,True,0x00F8D3
150,336,3372,True,0x00F9C3
151,337,3376,True,0x00F9C3
152,338,3404,True,0x00FBA3
153,339,3536,True,0x010C3B
154,340,3540,True,0x010CB3
155,341,3544,True,0x010D2B
156,342,3548,True,0x010DA3
157,343,3312,True,0x00F423
158,344,3308,True,0x00F3AB
159,345,3580,True,0x010FFB
15A,346,3584,True,0x011073
15B,347,3588,True,0x0110EB
15C,348,3592,True,0x011163
15D,349,0,True,0x008E42
15E,350,3600,True,0x0111DB
15F,351,3604,True,0x011253
160,352,3608,True,0x0112CB
161,353,3612,True,0x011343
162,354,3616,True,0x0113BB
163,355,0,True,0x008E42
164,356,3624,True,0x011433
165,357,3632,True,0x011523
166,358,3636,True,0x01159B
167,359,3268,True,0x00EDFB
168,360,3272,True,0x00EE93
169,361,3276,True,0x00EF2B
16A,362,3280,True,0x00EFC3
16B,363,3284,True,0x00F05B
16C,364,3288,True,0x00F0F3
16D,365,3292,True,0x00F18B
16E,366,3296,True,0x00F223
16F,367,3680,True,0x011AC3
170,368,3684,True,0x011B3B
171,369,3688,True,0x011BB3
172,370,3692,False,0xFFFFFF
173,371,3696,False,0xFFFFFF
174,372,3700,False,0xFFFFFF
175,373,3704,False,0xFFFFFF
176,374,3708,False,0xFFFFFF
177,375,3712,False,0xFFFFFF
178,376,3716,False,0xFFFFFF
179,377,3720,False,0xFFFFFF
17A,378,3724,True,0x011C2B
17B,379,3728,True,0x011CA3
17C,380,0,True,0x008E42
17D,381,3736,True,0x011D1B
17E,382,3740,True,0x011D93
17F,383,3744,True,0x011E0B
180,384,3748,True,0x011E83
181,385,3752,True,0x011EFB
182,386,3756,True,0x011F73
183,387,3760,True,0x011FEB
184,388,3764,True,0x012063
185,389,3768,True,0x0120DB
186,390,0,True,0x008E42
187,391,3776,True,0x012153
188,392,3780,True,0x0121CB
189,393,0,True,0x008E42
18A,394,3788,True,0x012263
18B,395,3792,True,0x0122FB
18C,396,3796,True,0x012373
18D,397,3800,True,0x0123EB
18E,398,3804,False,0xFFFFFF
18F,399,3808,True,0x012483
190,400,3992,True,0x012FC3
191,401,3996,True,0x01303B
192,402,4000,True,0x0130B3
193,403,0,True,0x008E42
194,404,0,True,0x008E42
195,405,0,True,0x008E42
196,406,0,True,0x008E42
197,407,0,True,0x008E42
198,408,3844,True,0x0124FB
199,409,0,True,0x008E42
19A,410,3852,True,0x012573
19B,411,3856,True,0x0125EB
19C,412,3860,True,0x012663
19D,413,3864,True,0x0126DB
19E,414,3868,True,0x012753
19F,415,3872,True,0x0127CB
1A0,416,3876,True,0x012843
1A1,417,3880,True,0x0128BB
1A2,418,3884,True,0x012933
1A3,419,3888,True,0x0129AB
1A4,420,3892,True,0x012A23
1A5,421,3896,True,0x012A9B
1A6,422,3900,True,0x012B13
1A7,423,3904,True,0x012B8B
1A8,424,3908,True,0x012C03
1A9,425,0,True,0x008E42
1AA,426,3916,True,0x012C7B
1AB,427,0,True,0x008E42
1AC,428,3924,True,0x012CF3
1AD,429,3928,True,0x012D6B
1AE,430,3932,True,0x012DE3
1AF,431,0,True,0x008E42
1B0,432,0,True,0x008E42
1B1,433,0,True,0x008E42
1B2,434,0,True,0x008E42
1B3,435,0,True,0x008E42
1B4,436,0,True,0x008E42
1B5,437,0,True,0x008E42
1B6,438,0,True,0x008E42
1B7,439,0,True,0x008E42
1B8,440,0,True,0x008E42
1B9,441,0,True,0x008E42
1BA,442,3980,True,0x012E5B
1BB,443,3984,True,0x012ED3
1BC,444,3988,True,0x012F4B
1BD,445,0,True,0x008E42
1BE,446,0,True,0x008E42
1BF,447,0,True,0x008E42
1C0,448,0,True,0x008E42
1C1,449,0,True,0x008E42
1C2,450,0,True,0x008E42
1C3,451,0,True,0x008E42
1C4,452,0,True,0x008E42
1C5,453,0,True,0x008E42
1C6,454,0,True,0x008E42
1C7,455,0,True,0x008E42
1C8,456,0,True,0x008E42
1C9,457,0,True,0x008E42
1CA,458,0,True,0x008E42
1CB,459,0,True,0x008E42
1CC,460,0,True,0x008E42
1CD,461,0,True,0x008E42
1CE,462,0,True,0x008E42
1CF,463,0,True,0x008E42
1D0,464,6400,True,0x017A26
1D1,465,6364,True,0x0175EE
1D2,466,6368,True,0x017666
1D3,467,6464,True,0x0181A6
1D4,468,6468,True,0x01821E
1D5,469,6448,True,0x017FC6
1D6,470,6436,True,0x017E5E
1D7,471,6444,True,0x017F4E
1D8,472,6388,True,0x0178BE
1D9,473,6380,True,0x0177CE
1DA,474,6384,True,0x017846
1DB,475,6164,True,0x016156
1DC,476,6156,True,0x0160BE
1DD,477,6168,True,0x0161EE
1DE,478,6172,True,0x016286
1DF,479,6176,True,0x01631E
1E0,480,6180,True,0x0163B6
1E1,481,6192,True,0x01644E
1E2,482,6196,True,0x0164E6
1E3,483,6476,True,0x01830E
1E4,484,6392,True,0x017936
1E5,485,6480,True,0x018386
1E6,486,6484,True,0x0183FE
1E7,487,6500,True,0x0185DE
1E8,488,6504,True,0x018656
1E9,489,6396,True,0x0179AE
1EA,490,6508,True,0x0186CE
1EB,491,6404,True,0x017A9E
1EC,492,6408,True,0x017B16
1ED,493,6536,True,0x01899E
1EE,494,6532,True,0x018926
1EF,495,6540,True,0x018A16
1F0,496,6564,True,0x018CE6
1F1,497,6572,True,0x018DD6
1F2,498,6580,True,0x018EC6
1F3,499,6588,True,0x018FB6
1F4,500,6584,True,0x018F3E
1F5,501,6600,True,0x01911E
1F6,502,6604,True,0x019196
1F7,503,0,True,0x008E42
1F8,504,6556,True,0x018BF6
1F9,505,6144,True,0x015FCE
1FA,506,6148,True,0x016046
1FB,507,2560,True,0x00D47B
1FC,508,2564,True,0x00D4C3
1FD,509,2568,True,0x00D50B
1FE,510,2576,True,0x00D59B
1FF,511,2572,True,0x00D553
200,512,4500,True,0x01312B
201,513,4504,True,0x0131A3
202,514,4508,True,0x01321B
203,515,4512,True,0x013293
204,516,4516,True,0x013293
205,517,4520,True,0x013293
206,518,4524,True,0x01330B
207,519,4536,True,0x01339B
208,520,4540,True,0x0133E3
209,521,4544,False,0xFFFFFF
20A,522,4548,True,0x01342B
20B,523,4552,True,0x01342B
20C,524,4556,True,0x0134A3
20D,525,4560,True,0x01351B
20E,526,4564,True,0x013593
20F,527,4568,True,0x01360B
210,528,4572,True,0x013653
211,529,4576,True,0x01369B
212,530,4580,True,0x0136E3
213,531,4584,True,0x0136E3
214,532,4588,False,0xFFFFFF
215,533,4592,True,0x01372B
216,534,4596,True,0x013773
217,535,4600,True,0x0137BB
218,536,4604,True,0x013803
219,537,4608,True,0x01384B
21A,538,4612,True,0x0139E3
21B,539,4616,True,0x013AFE
21C,540,4620,True,0x013B46
21D,541,4624,True,0x013B8E
21E,542,4628,True,0x013BD6
21F,543,4632,True,0x013C1E
220,544,4636,True,0x013C66
221,545,4640,True,0x013C66
222,546,4644,True,0x013CAE
223,547,4648,True,0x013CF6
224,548,4652,True,0x013D3E
225,549,4656,True,0x013D3E
226,550,4660,True,0x013D3E
227,551,4664,True,0x013D3E
228,552,4668,True,0x013D3E
229,553,4672,True,0x013D86
22A,554,4676,True,0x013D86
22B,555,4680,True,0x013DCE
22C,556,4684,True,0x013E46
22D,557,4688,True,0x013EBE
22E,558,4692,True,0x013F36
22F,559,4696,True,0x013FAE
230,560,4700,True,0x014026
231,561,4704,True,0x014026
232,562,4708,True,0x01409E
233,563,4712,True,0x014116
234,564,4528,True,0x01330B
235,565,4532,True,0x013353
236,566,4800,True,0x01418E
237,567,4804,True,0x0141D6
238,568,4808,True,0x01421E
239,569,4812,True,0x014266
23A,570,4816,True,0x0142AE
23B,571,4820,True,0x0142F6
23C,572,4824,True,0x01433E
23D,573,4828,True,0x014456
23E,574,4832,True,0x01449E
23F,575,4836,True,0x0144E6
240,576,4840,True,0x01452E
241,577,4844,True,0x014576
242,578,4848,True,0x0145BE
243,579,4852,True,0x014606
244,580,4856,True,0x01464E
245,581,4860,True,0x014696
246,582,4864,True,0x0146DE
247,583,4868,True,0x014726
248,584,4872,True,0x01476E
249,585,4876,True,0x0147B6
24A,586,4880,True,0x0147FE
24B,587,4884,True,0x014846
24C,588,4888,True,0x01488E
24D,589,4892,True,0x0148D6
24E,590,4896,True,0x01491E
24F,591,4900,True,0x014966
250,592,4904,True,0x0149AE
251,593,4908,True,0x014A26
252,594,4912,True,0x014A9E
253,595,4916,True,0x014B16
254,596,4920,True,0x014B8E
255,597,4924,True,0x014C06
256,598,4928,True,0x014C7E
257,599,4932,True,0x014CF6
258,600,4936,True,0x014D6E
259,601,4940,True,0x014DE6
25A,602,4944,True,0x014E5E
25B,603,4948,True,0x014ED6
25C,604,4952,True,0x014F4E
25D,605,4956,True,0x014FC6
25E,606,4960,True,0x01503E
25F,607,4964,True,0x0150B6
260,608,4968,True,0x01512E
261,609,4972,True,0x0151A6
262,610,4976,True,0x01521E
263,611,4980,True,0x015296
264,612,4984,True,0x01530E
265,613,4988,True,0x015386
266,614,4992,True,0x0153FE
267,615,5000,True,0x015476
268,616,5004,True,0x0154EE
269,617,5008,True,0x015566
26A,618,5012,True,0x0155DE
26B,619,5016,True,0x015656
26C,620,5020,True,0x0156CE
26D,621,5024,True,0x015746
26E,622,5028,True,0x0157BE
26F,623,5032,True,0x015836
270,624,5036,True,0x0158AE
271,625,5040,True,0x015926
272,626,5044,True,0x01599E
273,627,5048,True,0x0159E6
274,628,5052,True,0x015A2E
275,629,5056,True,0x015A76
276,630,5060,True,0x015ABE
277,631,5064,True,0x015B06
278,632,5068,True,0x015B4E
279,633,5072,True,0x015B96
27A,634,5076,True,0x015BDE
27B,635,5080,True,0x015C26
27C,636,5084,True,0x015C6E
27D,637,5088,True,0x015CB6
27E,638,5092,True,0x015CFE
27F,639,5096,True,0x015D46
280,640,5100,True,0x015D8E
281,641,5104,True,0x015DD6
282,642,564,True,0x019646
283,643,568,True,0x00AF22
284,644,572,True,0x00AF6A
285,645,576,True,0x00AFB2
286,646,580,True,0x00AFFA
287,647,584,True,0x00B042
288,648,0,True,0x008E42
289,649,0,True,0x008E42
28A,650,0,True,0x008E42
28B,651,0,True,0x008E42
28C,652,0,True,0x008E42
28D,653,0,True,0x008E42
28E,654,0,True,0x008E42
28F,655,0,True,0x008E42
290,656,1600,True,0x00CD8C
291,657,1604,True,0x00CDD4
292,658,1608,True,0x00CE1C
293,659,1612,True,0x00CE64
294,660,1616,True,0x00CEAC
295,661,1620,True,0x00D164
296,662,1624,True,0x00D1AC
297,663,1628,True,0x00D1F4
298,664,1632,True,0x00D25C
299,665,1636,True,0x00D2C4
29A,666,0,True,0x008E42
29B,667,0,True,0x008E42
29C,668,0,True,0x008E42
29D,669,0,True,0x008E42
29E,670,0,True,0x008E42
29F,671,0,True,0x008E42
2A0,672,0,True,0x008E42
2A1,673,0,True,0x008E42
2A2,674,0,True,0x008E42
2A3,675,0,True,0x008E42
2A4,676,0,True,0x008E42
2A5,677,0,True,0x008E42
2A6,678,0,True,0x008E42
2A7,679,0,True,0x008E42
2A8,680,0,True,0x008E42
2A9,681,0,True,0x008E42
2AA,682,0,True,0x008E42
2AB,683,0,True,0x008E42
2AC,684,0,True,0x008E42
2AD,685,0,True,0x008E42
2AE,686,0,True,0x008E42
2AF,687,0,True,0x008E42
2B0,688,0,True,0x008E42
2B1,689,0,True,0x008E42
2B2,690,0,True,0x008E42
2B3,691,0,True,0x008E42
2B4,692,6200,True,0x01657E
2B5,693,0,True,0x008E42
2B6,694,6208,True,0x016616
2B7,695,6212,True,0x0166AE
2B8,696,6216,True,0x016746
2B9,697,6220,True,0x0167DE
2BA,698,6224,True,0x016876
2BB,699,6236,True,0x01690E
2BC,700,0,True,0x008E42
2BD,701,0,True,0x008E42
2BE,702,6240,True,0x0169A6
2BF,703,0,True,0x008E42
2C0,704,0,True,0x008E42
2C1,705,0,True,0x008E42
2C2,706,0,True,0x008E42
2C3,707,0,True,0x008E42
2C4,708,0,True,0x008E42
2C5,709,0,True,0x008E42
2C6,710,0,True,0x008E42
2C7,711,6276,True,0x016A3E
2C8,712,6280,True,0x016AB6
2C9,713,6284,True,0x016B2E
2CA,714,6288,True,0x016BA6
2CB,715,6292,True,0x016C1E
2CC,716,6296,True,0x016C96
2CD,717,6300,True,0x016D0E
2CE,718,6304,True,0x016D86
2CF,719,6308,True,0x016DFE
2D0,720,0,True,0x008E42
2D1,721,6316,True,0x016F2E
2D2,722,6320,True,0x016FC6
2D3,723,6324,True,0x01705E
2D4,724,6328,True,0x0170F6
2D5,725,6332,True,0x01718E
2D6,726,6336,True,0x017226
2D7,727,0,True,0x008E42
2D8,728,6344,True,0x017356
2D9,729,6348,True,0x0173EE
2DA,730,6352,True,0x017466
2DB,731,6356,True,0x0174FE
2DC,732,6360,True,0x017576
2DD,733,6376,True,0x017756
2DE,734,6412,True,0x017B8E
2DF,735,0,True,0x008E42
2E0,736,0,True,0x008E42
2E1,737,6424,True,0x017CF6
2E2,738,6428,True,0x017D6E
2E3,739,6432,True,0x017DE6
2E4,740,6440,True,0x017ED6
2E5,741,6452,True,0x01803E
2E6,742,6456,True,0x0180B6
2E7,743,6460,True,0x01812E
2E8,744,6472,True,0x018296
2E9,745,6488,True,0x018476
2EA,746,6492,True,0x0184EE
2EB,747,6496,True,0x018566
2EC,748,6512,True,0x018746
2ED,749,6516,True,0x0187BE
2EE,750,6520,True,0x018836
2EF,751,6528,True,0x0188AE
2F0,752,0,True,0x008E42
2F1,753,6540,True,0x018A16
2F2,754,6544,True,0x018A8E
2F3,755,6548,True,0x018B06
2F4,756,6552,True,0x018B7E
2F5,757,6560,True,0x018C6E
2F6,758,6568,True,0x018D5E
2F7,759,6576,True,0x018E4E
2F8,760,6592,True,0x01902E
2F9,761,6608,True,0x01920E
2FA,762,6612,True,0x019286
2FB,763,6616,True,0x0192FE
2FC,764,6620,True,0x019376
2FD,765,6624,True,0x0193EE
2FE,766,6628,True,0x019466
2FF,767,6632,True,0x0194DE
300,768,6636,True,0x019556
301,769,6640,True,0x0195CE
302,770,6644,True,0x019646
